Órgão superior,Órgão subordinado,Unidade administrativa,contract_no,Número do ICJ,Número do processo,Enquadramento do Processo,supplier,CNPJ/CPF,object,legal_basis,start,end,contract_value_raw,Saldo bruto do contrato,Saldo inativo,status,Número dos aditivos,service_line,currency,value
MINISTÉRIO DE MINAS E ENERGIA,PETROBRAS,910816 - Petróleo Brasileiro S.A.,4514483240,,7003154647.0,LICITAÇÃO,HALLIBURTON ENERGY SERVICES INC.,EXTERNO,PEDIDO DE REAPROVEITAMENTO PARA FINS DE PAGAMENTOAutorizado por  Jose Fadel Gracioso (U3B7)CENTRO DE CUSTO DESEMBARACO  E544SOAE14Este Pedido de Compras tem como objetivo a criacao de item complementa,"Licitação, Lei 13.303, Art. 28, CAPUT",2025-07-23,2025-12-15,"US$ 71.291,03","US$ 0,00","US$ 71.291,03",Concluído,,Other,USD,71291.03
MINISTÉRIO DE MINAS E ENERGIA,PETROBRAS,910816 - Petróleo Brasileiro S.A.,4514483559,,7003154647.0,LICITAÇÃO,HALLIBURTON ENERGY SERVICES INC.,EXTERNO,PEDIDO DE REAPROVEITAMENTO PARA FINS DE PAGAMENTOAutorizado por  Jose Fadel Gracioso (U3B7)CENTRO DE CUSTO DESEMBARACO  E544SOAE14Este Pedido de Compras tem como objetivo a criacao de itenscomplementa,"Licitação, Lei 13.303, Art. 28, CAPUT",2025-07-23,2025-12-15,"US$ 35.645,52","US$ 0,00","US$ 35.645,52",Concluído,,Other,USD,35645.52
MINISTÉRIO DE MINAS E ENERGIA,PETROBRAS,910816 - Petróleo Brasileiro S.A.,4514486256,,7003154647.0,LICITAÇÃO,HALLIBURTON ENERGY SERVICES INC.,EXTERNO,Permanecem inalteradas as demais condicoes contratuais DREJ   JESSICA FARIASSUPRIMENTOS/GCB/GCBI/CBI III,"Licitação, Lei 13.303, Art. 28, CAPUT",2025-07-24,2025-12-15,"US$ 35.645,52","US$ 0,00","US$ 35.645,52",Concluído,,Other,USD,35645.52
MINISTÉRIO DE MINAS E ENERGIA,PETROBRAS,910816 - Petróleo Brasileiro S.A.,4514488735,,7003024762.0,LICITAÇÃO,HALLIBURTON FAR EAST PTE LTD.,EXTERNO,PEDIDO DE REAPROVEITAMENTO PARA FINS DE PAGAMENTOAutorizado por  Jose Fadel Gracioso (U3B7)CENTRO DE CUSTO DESEMBARACO  E544SOAE14Este Pedido de Compras tem como objetivo a criacao de itenscomplementa,"Licitação, Lei 13.303, Art. 28, CAPUT",2025-07-25,2025-12-15,"US$ 151.085,42","US$ 0,00","US$ 0,00",Concluído,,Other,USD,151085.42
MINISTÉRIO DE MINAS E ENERGIA,PETROBRAS,910816 - Petróleo Brasileiro S.A.,4514488785,,7003024762.0,LICITAÇÃO,HALLIBURTON FAR EAST PTE LTD.,EXTERNO,PEDIDO DE REAPROVEITAMENTO PARA FINS DE PAGAMENTOAutorizado por  Jose Fadel Gracioso (U3B7)CENTRO DE CUSTO DESEMBARACO  E544SOAE14Este Pedido de Compras tem como objetivo a criacao de itenscomplementa,"Licitação, Lei 13.303, Art. 28, CAPUT",2025-07-25,2025-12-15,"US$ 151.085,42","US$ 0,00","US$ 0,00",Concluído,,Other,USD,151085.42
MINISTÉRIO DE MINAS E ENERGIA,PETROBRAS,910816 - Petróleo Brasileiro S.A.,4514488872,,7003024762.0,LICITAÇÃO,HALLIBURTON FAR EAST PTE LTD.,EXTERNO,PEDIDO DE REAPROVEITAMENTO PARA FINS DE PAGAMENTOAutorizado por  Jose Fadel Gracioso (U3B7)CENTRO DE CUSTO DESEMBARACO  E544SOAE14Este Pedido de Compras tem como objetivo a criacao de itenscomplementa,"Licitação, Lei 13.303, Art. 28, CAPUT",2025-07-25,2025-12-15,"US$ 151.085,42","US$ 0,00","US$ 0,00",Concluído,,Other,USD,151085.42
MINISTÉRIO DE MINAS E ENERGIA,PETROBRAS,910816 - Petróleo Brasileiro S.A.,4600001090,BDC .6002134034,,INEXIGIBIL,HALLIBURTON SERVICOS LTDA - DIVISAO,29504214002988,INFORMÁTICA - LICENÇAS USO DE SOFTWARE,"Inexigibilidade, Dec 2745, 2.3, CAPUT - Inviabilidade fática ou jurídica de competição.",2003-12-23,2053-12-22,"R$ 1.610.902,90","R$ 1.610.902,90","R$ 0,00",Concluído,,Other,BRL,1610902.9
MINISTÉRIO DE MINAS E ENERGIA,PETROBRAS,910816 - Petróleo Brasileiro S.A.,4600421771,2050.0082628.13.2,,CONVITE,HALLIBURTON SERVICOS LTDA,29504214000187,SERVIÇOS DE INSTALAÇÃO DE SISTEMAS DE COMPLETAÇÃO PARA INSTALAÇÃO DE ANM A CABO (SCIAC),"Convite, Dec 2745, 3.1, C - Mínimo de 3 fornecedores, do ramo pertinente ao objeto, cadastrados ou não.",2014-01-10,2023-01-30,"R$ 522.308,00","R$ 0,00","R$ 388.828,00",Concluído,002-001-005-004-003,Other,BRL,522308.0
MINISTÉRIO DE MINAS E ENERGIA,PETROBRAS,910816 - Petróleo Brasileiro S.A.,4600424477,2050.0085464.13.2,,CONVITE,HALLIBURTON SERVICOS LTDA,29504214000187,FORNECIMENTO DE PRODUTOS QUÍMICOS (TBN 151),"Convite, Dec 2745, 3.1, C - Mínimo de 3 fornecedores, do ramo pertinente ao objeto, cadastrados ou não.",2016-02-22,2024-02-21,"R$ 8.010.625,64","R$ 0,00","R$ 140.493,92",Concluído,850-002-003-004-005-080-006-007-008-009,Fluids & Chemicals,BRL,8010625.64
MINISTÉRIO DE MINAS E ENERGIA,PETROBRAS,910816 - Petróleo Brasileiro S.A.,4600424483,2050.0085464.13.2,,CONVITE,HALLIBURTON SERVICOS LTDA,29504214000187,FORNECIMENTO DE PRODUTOS QUÍMICOS (TBN 151),"Convite, Dec 2745, 3.1, C - Mínimo de 3 fornecedores, do ramo pertinente ao objeto, cadastrados ou não.",2016-02-22,2024-02-21,"US$ 11.984.760,43","US$ 0,00","US$ 8.158.533,46",Concluído,003-850-005-006-007-008-080-009,Fluids & Chemicals,USD,11984760.43
MINISTÉRIO DE MINAS E ENERGIA,PETROBRAS,910816 - Petróleo Brasileiro S.A.,4600501376,2050.0085463.13.2,,CONVITE,HALLIBURTON PRODUTOS LTDA.,16328932000106,SERVIÇOS DE ESTIMULAÇÃO DE POÇOS (TBN 151),"Convite, Dec 2745, 3.1, C - Mínimo de 3 fornecedores, do ramo pertinente ao objeto, cadastrados ou não.",2016-02-22,2024-03-10,"R$ 177.134.569,02","R$ 0,00","R$ 114.105,56",Concluído,003-002-001-850-080-008-006-007-005-004-009,Stimulation,BRL,177134569.02
MINISTÉRIO DE MINAS E ENERGIA,PETROBRAS,910816 - Petróleo Brasileiro S.A.,4600501377,2050.0085463.13.2,,CONVITE,HALLIBURTON PRODUTOS LTDA.,16328932000106,SERVIÇOS DE ESTIMULAÇÃO DE POÇOS (TBN 151),"Convite, Dec 2745, 3.1, C - Mínimo de 3 fornecedores, do ramo pertinente ao objeto, cadastrados ou não.",2016-02-22,2024-03-10,"US$ 4.384.178,36","US$ 0,00","US$ 2.006.837,29",Concluído,850-001-003-008-080-004-005-007-006-009,Stimulation,USD,4384178.36
MINISTÉRIO DE MINAS E ENERGIA,PETROBRAS,910816 - Petróleo Brasileiro S.A.,4600558026,5500.0106730.18.2,,INEXIGIBIL,HALLIBURTON PRODUTOS LTDA.,16328932000106,SERVIÇOS DE CAPACIDADE DE INTERPRETAÇÃO GEOLÓGICA E GEOFÍSICA (G&G).,"Inexigibilidade, Dec 2745, 2.3, B - Serviços técnicos de natureza singular (pareceres, assessorias e consultorias téc., treinamento,",2018-04-26,2023-04-23,"R$ 195.342.084,10","R$ 0,00","R$ 2.016.193,60",Concluído,001-002-003-004-005,Stimulation,BRL,195342084.1
MINISTÉRIO DE MINAS E ENERGIA,PETROBRAS,910816 - Petróleo Brasileiro S.A.,4600561982,5100.0107323.18.2,,INEXIGIBIL,HALLIBURTON PRODUTOS LTDA.,16328932000106,PRESTAÇÃO DE SERVIÇOS DE BOMBEIO DE FLUIDOS PARA CIMENTAÇÃO E PARA ISOLAMENTO HIDRÁULICO DE POÇOS DE PETRÓLEO,"Inexigibilidade, Dec 2745, 2.3, CAPUT - Inviabilidade fática ou jurídica de competição.",2018-08-26,2023-01-22,"US$ 8.715.382,67","US$ 0,00","US$ 2.837.380,06",Concluído,001-850-006-008-005-004-003,Pumping / ESP,USD,8715382.67
MINISTÉRIO DE MINAS E ENERGIA,PETROBRAS,910816 - Petróleo Brasileiro S.A.,4600562479,5100.0107323.18.2,,INEXIGIBIL,HALLIBURTON PRODUTOS LTDA.,16328932000106,PRESTAÇÃO DE SERVIÇOS DE BOMBEIO DE FLUIDOS PARA CIMENTAÇÃO E PARA ISOLAMENTO HIDRÁULICO DE POÇOS DE PETRÓLEO,"Inexigibilidade, Dec 2745, 2.3, CAPUT - Inviabilidade fática ou jurídica de competição.",2018-08-26,2023-01-22,"R$ 11.052.739,43","R$ 0,00","R$ 1.755.490,07",Concluído,850-001-004-003-006-005-008,Pumping / ESP,BRL,11052739.43
MINISTÉRIO DE MINAS E ENERGIA,PETROBRAS,910816 - Petróleo Brasileiro S.A.,4600564174,5100.0107324.18.2,,INEXIGIBIL,HALLIBURTON PRODUTOS LTDA.,16328932000106,PRESTAÇÃO DE DE SERVIÇOS DE ENGENHARIA DE CIMENTAÇÃO E ISOLAMENTO HIDRÁULICO DE POÇOS DE PETRÓLEO,"Inexigibilidade, Dec 2745, 2.3, CAPUT - Inviabilidade fática ou jurídica de competição.",2018-08-26,2022-08-24,"US$ 3.163.823,51","US$ 0,00","US$ 42,54",Concluído,001-850-006-008-007-004-005-003-010-011-110,Other,USD,3163823.51
MINISTÉRIO DE MINAS E ENERGIA,PETROBRAS,910816 - Petróleo Brasileiro S.A.,4600564175,5100.0107324.18.2,,INEXIGIBIL,HALLIBURTON PRODUTOS LTDA.,16328932000106,PRESTAÇÃO DE DE SERVIÇOS DE ENGENHARIA DE CIMENTAÇÃO E ISOLAMENTO HIDRÁULICO DE POÇOS DE PETRÓLEO,"Inexigibilidade, Dec 2745, 2.3, CAPUT - Inviabilidade fática ou jurídica de competição.",2018-08-26,2022-08-24,"R$ 162.898.274,60","R$ 0,00","R$ 198.990,99",Concluído,002-001-850-005-004-008-007-003-006-010-011,Other,BRL,162898274.6
MINISTÉRIO DE MINAS E ENERGIA,PETROBRAS,910816 - Petróleo Brasileiro S.A.,4600565113,,,CONVITE,HALLIBURTON PRODUTOS LTDA.,16328932000106,Fornecimento de materiais p/ cimentação,"Convite, Dec 2745, 3.1, C - Mínimo de 3 fornecedores, do ramo pertinente ao objeto, cadastrados ou não.",2018-10-01,2022-09-29,"R$ 5.347.060,76","R$ 0,00","R$ 3.115.426,13",Concluído,001,Stimulation,BRL,5347060.76
MINISTÉRIO DE MINAS E ENERGIA,PETROBRAS,910816 - Petróleo Brasileiro S.A.,4600565485,5325.0106665.18.2,,CONVITE,HALLIBURTON PRODUTOS LTDA.,16328932000106,"SERVIÇOS TÉCNICOS ESPECIALIZADOS DE CIMENTAÇÃO, ESTIMULAÇÃO E OUTROS SERVIÇOS CORRELATOS EM POÇOS TERRESTRES ONDE A PETROBRAS ATUA","Convite, Dec 2745, 3.1, C - Mínimo de 3 fornecedores, do ramo pertinente ao objeto, cadastrados ou não.",2018-06-25,2023-06-23,"R$ 242.757.663,47","R$ 0,00","R$ 16.279.798,82",Concluído,001-002-003-004,Stimulation,BRL,242757663.47
MINISTÉRIO DE MINAS E ENERGIA,PETROBRAS,910816 - Petróleo Brasileiro S.A.,4600568823,5100.0105967.17.2,,CONVITE,HALLIBURTON PRODUTOS LTDA.,16328932000106,SISTEMAS DE COMPLET. INFERIOR HD E SERVIÇOS DE INSTALAÇÃO,"Convite, Dec 2745, 3.1, C - Mínimo de 3 fornecedores, do ramo pertinente ao objeto, cadastrados ou não.",2018-10-09,2022-07-25,"R$ 40.663.747,98","R$ 0,00","R$ 484.874,44",Concluído,001-002-003-004,Other,BRL,40663747.98
MINISTÉRIO DE MINAS E ENERGIA,PETROBRAS,910816 - Petróleo Brasileiro S.A.,4600568832,5100.0105967.17.2,,CONVITE,HALLIBURTON PRODUTOS LTDA.,16328932000106,SISTEMAS DE COMPLET. INFERIOR HD E SERVIÇOS DE INSTALAÇÃO,"Convite, Dec 2745, 3.1, C - Mínimo de 3 fornecedores, do ramo pertinente ao objeto, cadastrados ou não.",2018-10-09,2022-07-25,"R$ 9.279.531,30","R$ 0,00","R$ 31.666,33",Concluído,001-002-003-004,Other,BRL,9279531.3
MINISTÉRIO DE MINAS E ENERGIA,PETROBRAS,910816 - Petróleo Brasileiro S.A.,4600580853,5100.0109223.18.2,,CONVITE,HALLIBURTON PRODUTOS LTDA.,16328932000106,"SERVIÇOS DE ASSISTÊNCIA TÉCNICA, CONDICIONAMENTO E TAMPÃO DE ABANDONO TEMPORÁRIO","Convite, Dec 2745, 3.1, C - Mínimo de 3 fornecedores, do ramo pertinente ao objeto, cadastrados ou não.",2019-05-01,2023-05-19,"R$ 14.737.188,17","R$ 0,00","R$ 3.410.189,18",Concluído,001-003-002-005-004-006-007-008,Other,BRL,14737188.17
MINISTÉRIO DE MINAS E ENERGIA,PETROBRAS,910816 - Petróleo Brasileiro S.A.,4600580854,5100.0109223.18.2,,CONVITE,HALLIBURTON PRODUTOS LTDA.,16328932000106,"SERVIÇOS DE ASSISTÊNCIA TÉCNICA, CONDICIONAMENTO E TAMPÃO DE ABANDONO TEMPORÁRIO","Convite, Dec 2745, 3.1, C - Mínimo de 3 fornecedores, do ramo pertinente ao objeto, cadastrados ou não.",2019-05-01,2023-05-19,"US$ 6.663.622,34","US$ 0,00","US$ 565.352,85",Concluído,001-002-003-005-004-006-007-008,Other,USD,6663622.34
MINISTÉRIO DE MINAS E ENERGIA,PETROBRAS,910816 - Petróleo Brasileiro S.A.,4600581443,5100.0110108.18.2,,CONVITE,HALLIBURTON PRODUTOS LTDA.,16328932000106,"SUPORTE À ANÁLISE DE RISCO EM PROJETOS DE PERFURAÇÃO, COMPLETAÇÃO, WORKOVER E ABANDONO DE POÇOS","Convite, Dec 2745, 3.1, C - Mínimo de 3 fornecedores, do ramo pertinente ao objeto, cadastrados ou não.",2019-03-01,2022-12-30,"R$ 20.105.856,52","R$ 0,00","R$ 476.686,35",Concluído,850-001-002-004-003,Other,BRL,20105856.52
MINISTÉRIO DE MINAS E ENERGIA,PETROBRAS,910816 - Petróleo Brasileiro S.A.,4600581444,5100.0110109.18.2,,CONVITE,HALLIBURTON PRODUTOS LTDA.,16328932000106,"SUPORTE À ANÁLISE DE RISCO EM PROJETOS DE PERFURAÇÃO, COMPLETAÇÃO, WORKOVER E ABANDONO DE POÇOS P/ LIBRA","Convite, Dec 2745, 3.1, C - Mínimo de 3 fornecedores, do ramo pertinente ao objeto, cadastrados ou não.",2019-03-01,2022-05-28,"R$ 1.042.779,24","R$ 0,00","R$ 0,08",Concluído,001-003-002-004,Other,BRL,1042779.24
MINISTÉRIO DE MINAS E ENERGIA,PETROBRAS,910816 - Petróleo Brasileiro S.A.,4600581921,5900.0109848.18.2,,CONVITE,HALLIBURTON PRODUTOS LTDA.,16328932000106,SERVIÇOS PARA CONTENÇÃO DE AREIA A POÇO REVESTIDO - FRAC PACK,"Convite, Dec 2745, 3.1, C - Mínimo de 3 fornecedores, do ramo pertinente ao objeto, cadastrados ou não.",2020-01-02,2023-03-01,"R$ 4.130.340,06","R$ 0,00","R$ 3.671.812,32",Concluído,001-003-006-007,Other,BRL,4130340.06
MINISTÉRIO DE MINAS E ENERGIA,PETROBRAS,910816 - Petróleo Brasileiro S.A.,4600583383,5900.0111057.19.2,,CONVITE,HALLIBURTON PRODUTOS LTDA.,16328932000106,SERVIÇOS DE ARAME (SLICKLINE) EM POÇOS PRODUTORES DE PETRÓLEO E/OU GÁS E POÇOS INJETORES,"Convite, Dec 2745, 3.1, C - Mínimo de 3 fornecedores, do ramo pertinente ao objeto, cadastrados ou não.",2020-01-30,2025-01-27,"R$ 42.445.942,02","R$ 0,00","R$ 24.418.599,76",Concluído,800-001-002-003-004,Other,BRL,42445942.02
MINISTÉRIO DE MINAS E ENERGIA,PETROBRAS,910816 - Petróleo Brasileiro S.A.,4600583487,5900.0110690.19.2,7001989063.0,CONVITE,HALLIBURTON PRODUTOS LTDA.,16328932000106,"SERVIÇOS DE FLUIDOS (ASSISTENCIA TÉCNCIA NO PREPARO, ENQUADRAMENTO MANUTENÇÃO E CONTROLE)","Convite, Dec 2745, 3.1, C - Mínimo de 3 fornecedores, do ramo pertinente ao objeto, cadastrados ou não.",2019-07-14,2022-07-12,"R$ 79.805.223,39","R$ 0,00","R$ 54.670.895,74",Concluído,002-003-004-006-005,Fluids & Chemicals,BRL,79805223.39
MINISTÉRIO DE MINAS E ENERGIA,PETROBRAS,910816 - Petróleo Brasileiro S.A.,4600583488,5900.0110689.19.2,7001989063.0,CONVITE,HALLIBURTON PRODUTOS LTDA.,16328932000106,FORNECIMENTO DE PRODUTOS QUÍMICOS (SERVIÇOS DE FLUIDOS),"Convite, Dec 2745, 3.1, C - Mínimo de 3 fornecedores, do ramo pertinente ao objeto, cadastrados ou não.",2019-07-14,2022-07-12,"R$ 88.850.286,41","R$ 0,00","R$ 54.000.369,43",Concluído,002-008-007-006-005-004-003-009-010-011,Fluids & Chemicals,BRL,88850286.41
MINISTÉRIO DE MINAS E ENERGIA,PETROBRAS,910816 - Petróleo Brasileiro S.A.,4600583489,5900.0110689.19.2,7001989063.0,CONVITE,HALLIBURTON PRODUTOS LTDA.,16328932000106,FORNECIMENTO DE PRODUTOS QUÍMICOS (SERVIÇOS DE FLUIDOS),"Convite, Dec 2745, 3.1, C - Mínimo de 3 fornecedores, do ramo pertinente ao objeto, cadastrados ou não.",2019-07-14,2022-07-12,"R$ 6.031.382,92","R$ 0,00","R$ 5.641.965,90",Concluído,002-008-005-007-006-004-003-009-010-011,Fluids & Chemicals,BRL,6031382.92
MINISTÉRIO DE MINAS E ENERGIA,PETROBRAS,910816 - Petróleo Brasileiro S.A.,4600583490,5900.0110689.19.2,7001989063.0,CONVITE,HALLIBURTON PRODUTOS LTDA.,16328932000106,FORNECIMENTO DE PRODUTOS QUÍMICOS (SERVIÇOS DE FLUIDOS),"Convite, Dec 2745, 3.1, C - Mínimo de 3 fornecedores, do ramo pertinente ao objeto, cadastrados ou não.",2019-07-14,2022-07-12,"R$ 6.833.336,89","R$ 0,00","R$ 6.764.426,62",Concluído,002-003-004-005-006-007-008-009-010-011,Fluids & Chemicals,BRL,6833336.89
MINISTÉRIO DE MINAS E ENERGIA,PETROBRAS,910816 - Petróleo Brasileiro S.A.,4600583491,5900.0110689.19.2,7001989063.0,CONVITE,HALLIBURTON PRODUTOS LTDA.,16328932000106,FORNECIMENTO DE PRODUTOS QUÍMICOS (SERVIÇOS DE FLUIDOS),"Convite, Dec 2745, 3.1, C - Mínimo de 3 fornecedores, do ramo pertinente ao objeto, cadastrados ou não.",2019-07-14,2022-07-12,"R$ 6.360.562,90","R$ 0,00","R$ 6.360.562,90",Concluído,002-008-003-007-004-005-006-009-010-011,Fluids & Chemicals,BRL,6360562.9
MINISTÉRIO DE MINAS E ENERGIA,PETROBRAS,910816 - Petróleo Brasileiro S.A.,4600583492,5900.0110689.19.2,7001989063.0,CONVITE,HALLIBURTON PRODUTOS LTDA.,16328932000106,FORNECIMENTO DE PRODUTOS QUÍMICOS (SERVIÇOS DE FLUIDOS),"Convite, Dec 2745, 3.1, C - Mínimo de 3 fornecedores, do ramo pertinente ao objeto, cadastrados ou não.",2019-07-14,2022-07-12,"R$ 6.123.937,39","R$ 0,00","R$ 6.123.937,39",Concluído,002-008-007-006-005-004-003-009-010-011,Fluids & Chemicals,BRL,6123937.39
MINISTÉRIO DE MINAS E ENERGIA,PETROBRAS,910816 - Petróleo Brasileiro S.A.,4600583493,5900.0110689.19.2,7001989063.0,CONVITE,HALLIBURTON PRODUTOS LTDA.,16328932000106,FORNECIMENTO DE PRODUTOS QUÍMICOS (SERVIÇOS DE FLUIDOS),"Convite, Dec 2745, 3.1, C - Mínimo de 3 fornecedores, do ramo pertinente ao objeto, cadastrados ou não.",2019-07-14,2022-07-12,"R$ 6.093.295,85","R$ 0,00","R$ 6.093.295,85",Concluído,002-003-004-005-006-008-007-009-010-011,Fluids & Chemicals,BRL,6093295.85
MINISTÉRIO DE MINAS E ENERGIA,PETROBRAS,910816 - Petróleo Brasileiro S.A.,4600583494,5900.0110689.19.2,7001989063.0,CONVITE,HALLIBURTON PRODUTOS LTDA.,16328932000106,FORNECIMENTO DE PRODUTOS QUÍMICOS (SERVIÇOS DE FLUIDOS),"Convite, Dec 2745, 3.1, C - Mínimo de 3 fornecedores, do ramo pertinente ao objeto, cadastrados ou não.",2019-07-14,2022-07-12,"R$ 25.490.531,07","R$ 0,00","R$ 9.317.442,51",Concluído,002-003-004-005-006-008-007-009-010-011,Fluids & Chemicals,BRL,25490531.07
MINISTÉRIO DE MINAS E ENERGIA,PETROBRAS,910816 - Petróleo Brasileiro S.A.,4600583495,5900.0110689.19.2,7001989063.0,CONVITE,HALLIBURTON PRODUTOS LTDA.,16328932000106,FORNECIMENTO DE PRODUTOS QUÍMICOS (SERVIÇOS DE FLUIDOS),"Convite, Dec 2745, 3.1, C - Mínimo de 3 fornecedores, do ramo pertinente ao objeto, cadastrados ou não.",2019-07-14,2022-07-12,"R$ 9.610.277,75","R$ 0,00","R$ 6.996.043,91",Concluído,002-004-003-005-007-008-006-009-010-001,Fluids & Chemicals,BRL,9610277.75
MINISTÉRIO DE MINAS E ENERGIA,PETROBRAS,910816 - Petróleo Brasileiro S.A.,4600583497,5900.0110689.19.2,7001989063.0,CONVITE,HALLIBURTON PRODUTOS LTDA.,16328932000106,FORNECIMENTO DE PRODUTOS QUÍMICOS (SERVIÇOS DE FLUIDOS),"Convite, Dec 2745, 3.1, C - Mínimo de 3 fornecedores, do ramo pertinente ao objeto, cadastrados ou não.",2019-07-14,2022-07-12,"US$ 21.234.868,27","US$ 0,00","US$ 2.908.206,59",Concluído,002-008-007-003-006-005-004-009-010-011,Fluids & Chemicals,USD,21234868.27
MINISTÉRIO DE MINAS E ENERGIA,PETROBRAS,910816 - Petróleo Brasileiro S.A.,4600583498,5900.0110689.19.2,7001989063.0,CONVITE,HALLIBURTON PRODUTOS LTDA.,16328932000106,FORNECIMENTO DE PRODUTOS QUÍMICOS (SERVIÇOS DE FLUIDOS),"Convite, Dec 2745, 3.1, C - Mínimo de 3 fornecedores, do ramo pertinente ao objeto, cadastrados ou não.",2019-07-14,2022-07-12,"US$ 962.502,85","US$ 0,00","US$ 754.365,52",Concluído,002-003-004-005-006-007-008-009-010-011,Fluids & Chemicals,USD,962502.85
MINISTÉRIO DE MINAS E ENERGIA,PETROBRAS,910816 - Petróleo Brasileiro S.A.,4600583503,5900.0110689.19.2,7001989063.0,CONVITE,HALLIBURTON PRODUTOS LTDA.,16328932000106,FORNECIMENTO DE PRODUTOS QUÍMICOS (SERVIÇOS DE FLUIDOS),"Convite, Dec 2745, 3.1, C - Mínimo de 3 fornecedores, do ramo pertinente ao objeto, cadastrados ou não.",2019-07-14,2022-07-12,"US$ 914.623,45","US$ 0,00","US$ 914.623,45",Concluído,002-003-004-005-006-007-008-009-010-011,Fluids & Chemicals,USD,914623.45
MINISTÉRIO DE MINAS E ENERGIA,PETROBRAS,910816 - Petróleo Brasileiro S.A.,4600584635,5100.0111263.19.2,7002302861.0,INEXIGIBIL,HALLIBURTON PRODUTOS LTDA.,16328932000106,SERVIÇOS DE SUPORTE TÉCNICO ESPECIALIZADO PARA CUSTOMIZAÇÃO E UTILIZAÇÃO DOS PRODUTOS SOFTWARES DA HALLIBURTON,"Inexigibilidade, Lei 13.303, Art.30, CAPUT - Inviabilidade de competição",2019-05-30,2024-05-27,"R$ 65.413.976,30","R$ 0,00","R$ 159.741,38",Concluído,850-001-002-004,Other,BRL,65413976.3
MINISTÉRIO DE MINAS E ENERGIA,PETROBRAS,910816 - Petróleo Brasileiro S.A.,4600585792,5100.0111448.19.2,7001823120.0,INEXIGIBIL,HALLIBURTON PRODUTOS LTDA.,16328932000106,SERVIÇOS ESPECIALIZADOS DE DETECÇÃO E DETERMINAÇÃO DO POSICIONAMENTO EM SUBSUPERFÍCIE DE POÇOS,"Inexigibilidade, Dec 2745, 2.3, CAPUT - Inviabilidade fática ou jurídica de competição.",2019-07-10,2024-07-19,"US$ 13.276.678,30","US$ 0,00","US$ 8.517.655,42",Concluído,001-002-004-003-005-999,Other,USD,13276678.3
MINISTÉRIO DE MINAS E ENERGIA,PETROBRAS,910816 - Petróleo Brasileiro S.A.,4600585918,5900.0110689.19.2,7001989063.0,CONVITE,HALLIBURTON PRODUTOS LTDA.,16328932000106,FORNECIMENTO DE PRODUTOS QUÍMICOS (SERVIÇOS DE FLUIDOS),"Convite, Dec 2745, 3.1, C - Mínimo de 3 fornecedores, do ramo pertinente ao objeto, cadastrados ou não.",2019-07-14,2022-07-12,"US$ 794.626,07","US$ 0,00","US$ 794.626,07",Concluído,002-004-005-006-007-008-003-009-010-011,Fluids & Chemicals,USD,794626.07
MINISTÉRIO DE MINAS E ENERGIA,PETROBRAS,910816 - Petróleo Brasileiro S.A.,4600585919,5900.0110689.19.2,7001989063.0,CONVITE,HALLIBURTON PRODUTOS LTDA.,16328932000106,FORNECIMENTO DE PRODUTOS QUÍMICOS (SERVIÇOS DE FLUIDOS),"Convite, Dec 2745, 3.1, C - Mínimo de 3 fornecedores, do ramo pertinente ao objeto, cadastrados ou não.",2019-07-14,2022-07-12,"US$ 766.641,15","US$ 0,00","US$ 766.641,15",Concluído,003-004-005-008-007-006-009-010-011,Fluids & Chemicals,USD,766641.15
MINISTÉRIO DE MINAS E ENERGIA,PETROBRAS,910816 - Petróleo Brasileiro S.A.,4600585920,5900.0110689.19.2,7001989063.0,CONVITE,HALLIBURTON PRODUTOS LTDA.,16328932000106,FORNECIMENTO DE PRODUTOS QUÍMICOS (SERVIÇOS DE FLUIDOS),"Convite, Dec 2745, 3.1, C - Mínimo de 3 fornecedores, do ramo pertinente ao objeto, cadastrados ou não.",2019-07-14,2022-07-12,"US$ 710.758,86","US$ 0,00","US$ 710.758,86",Concluído,002-003-004-005-008-006-007-009-010-011,Fluids & Chemicals,USD,710758.86
MINISTÉRIO DE MINAS E ENERGIA,PETROBRAS,910816 - Petróleo Brasileiro S.A.,4600585921,5900.0110689.19.2,7001989063.0,CONVITE,HALLIBURTON PRODUTOS LTDA.,16328932000106,FORNECIMENTO DE PRODUTOS QUÍMICOS (SERVIÇOS DE FLUIDOS),"Convite, Dec 2745, 3.1, C - Mínimo de 3 fornecedores, do ramo pertinente ao objeto, cadastrados ou não.",2019-07-14,2022-07-12,"US$ 3.739.651,54","US$ 0,00","US$ 1.967.717,29",Concluído,002-005-008-006-007-004-003-009-010-011,Fluids & Chemicals,USD,3739651.54
MINISTÉRIO DE MINAS E ENERGIA,PETROBRAS,910816 - Petróleo Brasileiro S.A.,4600585922,5900.0110689.19.2,7001989063.0,CONVITE,HALLIBURTON PRODUTOS LTDA.,16328932000106,FORNECIMENTO DE PRODUTOS QUÍMICOS (SERVIÇOS DE FLUIDOS),"Convite, Dec 2745, 3.1, C - Mínimo de 3 fornecedores, do ramo pertinente ao objeto, cadastrados ou não.",2019-07-14,2022-07-12,"US$ 2.977.602,76","US$ 0,00","US$ 1.827.681,11",Concluído,002-005-006-007-008-004-003-009-010-011,Fluids & Chemicals,USD,2977602.76
MINISTÉRIO DE MINAS E ENERGIA,PETROBRAS,910816 - Petróleo Brasileiro S.A.,4600591275,5900.0110957.19.2,,INAPLICAV,HALLIBURTON ENERGY SERVICES INC.,EXTERNO,SISTEMA ALTERNATIVO DE REMOÇÃO DE ROCHAS,"Inaplicável, Dec 2745, 10.1 - Complemento ao regulamento por ato interno da Diretoria Executiva.",2019-09-16,2023-03-13,"US$ 5.232.139,48","US$ 0,00","US$ 0,00",Concluído,001,Other,USD,5232139.48
MINISTÉRIO DE MINAS E ENERGIA,PETROBRAS,910816 - Petróleo Brasileiro S.A.,4600594219,5900.0111829.19.2,7002243614.0,LICITAÇÃO,HALLIBURTON PRODUTOS LTDA.,16328932000106,SERVIÇOS TÉCNICOS ESPECIALIZADOS E OPERAÇÃO DE EQUIPAMENTOS REFERENTES A SISTEMAS DE PERFURAÇÃO CONVENCIONAL,"Licitação, Lei 13.303, Art. 28, CAPUT",2019-11-01,2023-05-23,"R$ 42.640.749,59","R$ 0,00","R$ 20.727.281,77",Concluído,001-002-003-004,Other,BRL,42640749.59
MINISTÉRIO DE MINAS E ENERGIA,PETROBRAS,910816 - Petróleo Brasileiro S.A.,4600599712,5900.0113460.19.2,7002562519.0,LICITAÇÃO,HALLIBURTON PRODUTOS LTDA.,16328932000106,"PERFILAGEM A POÇO ABERTO E REVESTIDO, CANHONEIO E CORRELATOS EM POÇOS DE PETRÓLEO, UTILIZANDO TECNOLOGIA CONVENCIONAL","Licitação, Lei 13.303, Art. 28, CAPUT",2019-12-02,2024-11-09,"R$ 216.383.687,15","R$ 0,00","R$ 21.115.081,01",Concluído,800-002-001-006-853-854-005-003-004,Other,BRL,216383687.15
MINISTÉRIO DE MINAS E ENERGIA,PETROBRAS,910816 - Petróleo Brasileiro S.A.,4600602732,5900.0114092.20.2,7002851436.0,LICITAÇÃO,HALLIBURTON PRODUTOS LTDA.,16328932000106,SERVIÇOS DE MPD (MANAGED PRESSURE DRILLING) GERENCIAMENTO DE PRESSÕES DE POÇOS NA SUPERFÍCIE,"Licitação, Lei 13.303, Art. 28, CAPUT",2020-02-23,2022-08-15,"R$ 57.132.574,07","R$ 0,00","R$ 5.460.074,04",Concluído,001-004-850-002-005,Other,BRL,57132574.07
MINISTÉRIO DE MINAS E ENERGIA,PETROBRAS,910816 - Petróleo Brasileiro S.A.,4600606112,5900.0113460.19.2,7002562519.0,LICITAÇÃO,HALLIBURTON PRODUTOS LTDA.,16328932000106,"PERFILAGEM A POÇO ABERTO E REVESTIDO, CANHONEIO E CORRELATOS EM POÇOS DE PETRÓLEO, UTILIZANDO TECNOLOGIA CONVENCIONAL","Licitação, Lei 13.303, Art. 28, CAPUT",2019-12-02,2024-11-09,"R$ 8.852.168,80","R$ 0,00","R$ 4.121.230,39",Concluído,001-002-003-004-005-006-950,Other,BRL,8852168.8
MINISTÉRIO DE MINAS E ENERGIA,PETROBRAS,910816 - Petróleo Brasileiro S.A.,4600607313,5900.0114187.20.2,7002641396.0,INEXIGIBIL,HALLIBURTON PRODUTOS LTDA.,16328932000106,"SUPORTE TÉCNICO ESPECIALIZADO NO USO DE TECNOLOGIAS E SISTEMAS DE INTERPRETAÇÃO GEOLÓGICA, GEOFÍSICA E DE ENGENHARIA DE RESERVATÓRIO","Inexigibilidade, Lei 13.303, Art.30, CAPUT - Inviabilidade de competição",2020-02-14,2025-02-10,"R$ 33.172.052,45","R$ 0,00","R$ 6.316.996,13",Concluído,001-002-003,Other,BRL,33172052.45
MINISTÉRIO DE MINAS E ENERGIA,PETROBRAS,910816 - Petróleo Brasileiro S.A.,4600612257,5900.0115011.20.2,7002852197.0,LICITAÇÃO,HALLIBURTON PRODUTOS LTDA.,16328932000106,"SERV.TÉC.ESP.BOMB.PRESSUR.DE FLUÍDOS DIVERSOS, ATRAVÉS DE EQUIP. DOSADORES.","Licitação, Lei 13.303, Art. 28, CAPUT",2020-05-29,2022-05-28,"R$ 41.118.493,50","R$ 0,00","R$ 12.406.752,67",Concluído,001-002-003-004,Other,BRL,41118493.5
MINISTÉRIO DE MINAS E ENERGIA,PETROBRAS,910816 - Petróleo Brasileiro S.A.,4600614724,5900.0115206.20.2,7003037062.0,INEXIGIBIL,HALLIBURTON PRODUTOS LTDA.,16328932000106,"SERVIÇOS DE DESENVOLVIMENTO, SUPORTE E PROGRAMAÇÃO DE SOLUÇÕES WEB COM USO DA PLATAFORMA DECISION SPACE INTEGRATING SERVER (DSIS) PA","Inexigibilidade, Lei 13.303, Art.30, CAPUT - Inviabilidade de competição",2020-06-30,2024-10-26,"R$ 9.681.903,94","R$ 0,00","R$ 105.786,12",Concluído,001-002-003-005-004,R&D / Innovation,BRL,9681903.94
MINISTÉRIO DE MINAS E ENERGIA,PETROBRAS,910816 - Petróleo Brasileiro S.A.,4600624529,5900.0116014.20.2,7003124789.0,LICITAÇÃO,HALLIBURTON PRODUTOS LTDA.,16328932000106,SERVIÇOS DE SUPORTE À OPERAÇÃO DE CONSTRUÇÃO E MANUTENÇÃO DE POÇOS,"Licitação, Lei 13.303, Art. 28, CAPUT",2020-09-03,2023-12-11,"R$ 7.974.490,80","R$ 0,00","R$ 0,00",Concluído,001-002-003,Other,BRL,7974490.8
MINISTÉRIO DE MINAS E ENERGIA,PETROBRAS,910816 - Petróleo Brasileiro S.A.,4600633315,5900.0116149.20.2,,,HALLIBURTON PRODUTOS LTDA.,16328932000106,SERVIÇO INTEGRADO DE CONSTRUÇÃO DE POÇO,Contratações por Processo Competitivo (Subsidiárias do exterior),2020-11-12,2023-04-30,"US$ 83.984.931,49","US$ 0,00","US$ 38.682.765,12",Concluído,001-002-099-005-004,Other,USD,83984931.49
MINISTÉRIO DE MINAS E ENERGIA,PETROBRAS,910816 - Petróleo Brasileiro S.A.,4600633534,5900.0116149.20.2,,,HALLIBURTON PRODUTOS LTDA.,16328932000106,SERVIÇO INTEGRADO DE CONSTRUÇÃO DE POÇO,Contratações por Processo Competitivo (Subsidiárias do exterior),2020-11-12,2023-04-30,"R$ 331.454.818,37","R$ 0,00","R$ 167.854.407,21",Concluído,001-002-099-004-005,Other,BRL,331454818.37
MINISTÉRIO DE MINAS E ENERGIA,PETROBRAS,910816 - Petróleo Brasileiro S.A.,4600637550,,7003187056.0,LICITAÇÃO,HALLIBURTON PRODUTOS LTDA.,16328932000106,"Cloreto de cálcio, baritina, bentonita e calcário","Licitação, Lei 13.303, Art. 28, CAPUT",2021-03-04,2022-07-31,"R$ 33.444.113,06","R$ 0,00","R$ 21.246.847,30",Concluído,,Fluids & Chemicals,BRL,33444113.06
MINISTÉRIO DE MINAS E ENERGIA,PETROBRAS,910816 - Petróleo Brasileiro S.A.,4600638022,,7003140429.0,INEXIGIBIL,HALLIBURTON PRODUTOS LTDA.,16328932000106,SISTEMAS DE DESCONEXÃO DE FUNDO DE POÇO,"Inexigibilidade, Lei 13.303, Art.30, Inciso I - Aquisição de materiais, equip, gêneros com fornecedor exclusivo",2021-02-11,2023-02-10,"US$ 24.304.738,17","US$ 0,00","US$ 218.507,51",Concluído,,Other,USD,24304738.17
MINISTÉRIO DE MINAS E ENERGIA,PETROBRAS,910816 - Petróleo Brasileiro S.A.,4600640512,5900.0116853.20.2,7002949716.0,LICITAÇÃO,HALLIBURTON PRODUTOS LTDA.,16328932000106,"SERVIÇOS DE FLEXITUBO, ARRANJO DE SUPERFÍCIE, UNIDADE DE NITROGÊNIO, UNIDADE DE BOMBEIO E ESTIMULAÇÃO","Licitação, Lei 13.303, Art. 28, CAPUT",2021-02-26,2025-06-21,"R$ 313.418.002,56","R$ 0,00","R$ 2.683.352,99",Concluído,001-002-006-003-004-005,Pumping / ESP,BRL,313418002.56
MINISTÉRIO DE MINAS E ENERGIA,PETROBRAS,910816 - Petróleo Brasileiro S.A.,4600640513,5900.0116853.20.2,7002949716.0,LICITAÇÃO,HALLIBURTON PRODUTOS LTDA.,16328932000106,"SERVIÇOS DE FLEXITUBO, ARRANJO DE SUPERFÍCIE, UNIDADE DE NITROGÊNIO, UNIDADE DE BOMBEIO E ESTIMULAÇÃO","Licitação, Lei 13.303, Art. 28, CAPUT",2021-02-26,2025-06-21,"US$ 36.919.187,42","US$ 0,00","US$ 1.353.678,79",Concluído,001-002-003-004-005-006,Pumping / ESP,USD,36919187.42
MINISTÉRIO DE MINAS E ENERGIA,PETROBRAS,910816 - Petróleo Brasileiro S.A.,4600640917,5900.0116856.20.2,7002949716.0,LICITAÇÃO,HALLIBURTON PRODUTOS LTDA.,16328932000106,SERVIÇOS DE INTERVENÇÃO EM POÇOS DE PETRÓLEO MEDIANTE A UTILIZAÇÃO DE UNIDADES GERADORAS DE NITROGÊNIO (UGN) E CRIOGÊNICAS OU DE NIT,"Licitação, Lei 13.303, Art. 28, CAPUT",2021-02-23,2025-08-15,"R$ 224.122.558,84","R$ 0,00","R$ 292.951,62",Concluído,001-002-003,Other,BRL,224122558.84
MINISTÉRIO DE MINAS E ENERGIA,PETROBRAS,910816 - Petróleo Brasileiro S.A.,4600640918,5900.0116856.20.2,7002949716.0,LICITAÇÃO,HALLIBURTON PRODUTOS LTDA.,16328932000106,SERVIÇOS DE INTERVENÇÃO EM POÇOS DE PETRÓLEO MEDIANTE A UTILIZAÇÃO DE UNIDADES GERADORAS DE NITROGÊNIO (UGN) E CRIOGÊNICAS OU DE NIT,"Licitação, Lei 13.303, Art. 28, CAPUT",2021-02-23,2025-08-15,"US$ 24.818.664,52","US$ 0,00","US$ 938.400,24",Concluído,001-002-003,Other,USD,24818664.52
MINISTÉRIO DE MINAS E ENERGIA,PETROBRAS,910816 - Petróleo Brasileiro S.A.,4600640919,5900.0116857.20.2,7002949716.0,LICITAÇÃO,HALLIBURTON PRODUTOS LTDA.,16328932000106,BOMBEIO,"Licitação, Lei 13.303, Art. 28, CAPUT",2021-03-01,2027-05-23,"R$ 226.027.131,10","R$ 91.466.946,50","R$ 0,00",Ativo,001-002-003-004-005-006-007,Pumping / ESP,BRL,226027131.1
MINISTÉRIO DE MINAS E ENERGIA,PETROBRAS,910816 - Petróleo Brasileiro S.A.,4600640920,5900.0116857.20.2,7002949716.0,LICITAÇÃO,HALLIBURTON PRODUTOS LTDA.,16328932000106,BOMBEIO,"Licitação, Lei 13.303, Art. 28, CAPUT",2021-03-01,2027-05-23,"US$ 20.804.324,08","US$ 8.432.456,62","US$ 0,00",Ativo,001-002-003-004-005-006-007,Pumping / ESP,USD,20804324.08
MINISTÉRIO DE MINAS E ENERGIA,PETROBRAS,910816 - Petróleo Brasileiro S.A.,4600644612,,7003221608.0,LICITAÇÃO,HALLIBURTON ENERGY SERVICES INC.,EXTERNO,Contratação de Bens Materiais e Serviços para Sistema de Contenção deAreia e Revestimento Simultâneo,"Licitação, Lei 13.303, Art. 28, CAPUT",2021-05-07,2024-05-05,"US$ 12.684.219,38","US$ 0,00","US$ 1.767.201,80",Concluído,001,Other,USD,12684219.38
MINISTÉRIO DE MINAS E ENERGIA,PETROBRAS,910816 - Petróleo Brasileiro S.A.,4600645410,,7003024762.0,LICITAÇÃO,HALLIBURTON FAR EAST PTE LTD.,EXTERNO,Sistemas de Completação Inteligente Hidráulico Direto e Sistemas deCompletação Inferior Seletiva - Lote B.,"Licitação, Lei 13.303, Art. 28, CAPUT",2021-05-10,2024-05-08,"US$ 12.799.462,94","US$ 0,00","US$ 12.799.462,94",Cancelado,,Smart Completions,USD,12799462.94
MINISTÉRIO DE MINAS E ENERGIA,PETROBRAS,910816 - Petróleo Brasileiro S.A.,4600647711,5900.0117926.21.2,7003221608.0,LICITAÇÃO,HALLIBURTON PRODUTOS LTDA.,16328932000106,SERVIÇOS PARA SISTEMA DE CONTENÇÃO DE AREIA E REVESTIMENTO SIMULTÂNEOS - SCARS,"Licitação, Lei 13.303, Art. 28, CAPUT",2021-05-07,2026-04-05,"R$ 8.540.917,76","R$ 1.286.176,24","R$ 0,00",Ativo,001-002,Other,BRL,8540917.76
MINISTÉRIO DE MINAS E ENERGIA,PETROBRAS,910816 - Petróleo Brasileiro S.A.,4600648911,,7003154647.0,LICITAÇÃO,HALLIBURTON ENERGY SERVICES INC.,EXTERNO,Fornecimento pela CONTRATADA de Válvulas de Segurança de Subsuperfície eAcessórios - Lote A,"Licitação, Lei 13.303, Art. 28, CAPUT",2021-07-02,2024-10-13,"US$ 26.305.461,27","US$ 0,00","US$ 1.783.848,91",Concluído,001-004,DHSV / Safety Valve,USD,26305461.27
MINISTÉRIO DE MINAS E ENERGIA,PETROBRAS,910816 - Petróleo Brasileiro S.A.,4600649011,,7003024762.0,LICITAÇÃO,HALLIBURTON FAR EAST PTE LTD.,EXTERNO,Fornecimento pela CONTRATADA de Sistemas de Completação InteligenteHidráulico Direto e Sistemas de Completação Inferior Seletiva - Lote A,"Licitação, Lei 13.303, Art. 28, CAPUT",2021-05-24,2024-06-26,"US$ 103.750.537,01","US$ 0,00","US$ 1.504.638,61",Concluído,001-998-005-004,Smart Completions,USD,103750537.01
MINISTÉRIO DE MINAS E ENERGIA,PETROBRAS,910816 - Petróleo Brasileiro S.A.,4600649036,,7003317970.0,INEXIGIBIL,HALLIBURTON FAR EAST PTE LTD.,EXTERNO,Válvulas de Segurança de Subsuperfície -DHSV,"Inexigibilidade, Lei 13.303, Art.30, Inciso I - Aquisição de materiais, equip, gêneros com fornecedor exclusivo",2021-07-12,2024-10-23,"US$ 6.578.577,55","US$ 0,00","US$ 345,12",Concluído,,DHSV / Safety Valve,USD,6578577.55
MINISTÉRIO DE MINAS E ENERGIA,PETROBRAS,910816 - Petróleo Brasileiro S.A.,4600652610,5900.0118408.21.2,7003317970.0,INEXIGIBIL,HALLIBURTON PRODUTOS LTDA.,16328932000106,SERVIÇOS DE INSTALAÇÃO E DESINSTALAÇÃO DE VÁLVULA DE SUBSUPERFÍCIE - DHSV,"Inexigibilidade, Lei 13.303, Art.30, CAPUT - Inviabilidade de competição",2021-07-12,2025-09-30,"R$ 4.042.600,44","R$ 0,00","R$ 1.525,45",Concluído,001-002-003-998,DHSV / Safety Valve,BRL,4042600.44
MINISTÉRIO DE MINAS E ENERGIA,PETROBRAS,910816 - Petróleo Brasileiro S.A.,4600653223,,7003241535.0,LICITAÇÃO,HALLIBURTON FAR EAST PTE LTD.,EXTERNO,"Fornecimento pela CONTRATADA de SISTEMAS DE COMPLETAÇÃO INTELIGENTE,COMPLETAÇÃO INFERIOR SELETIVA E NIPPLES e DHSV e LINHAS DE CONTROLE.","Licitação, Lei 13.303, Art. 28, CAPUT",2021-08-04,2024-03-25,"US$ 73.030.737,14","US$ 0,00","US$ 15.968.940,93",Concluído,001,DHSV / Safety Valve,USD,73030737.14
MINISTÉRIO DE MINAS E ENERGIA,PETROBRAS,910816 - Petróleo Brasileiro S.A.,4600653514,5900.0118684.21.2,7003219773.0,LICITAÇÃO,HALLIBURTON PRODUTOS LTDA.,16328932000106,SERVIÇOS DE CONTRAPRESSÃO COM TECNOLOGIA MPD,"Licitação, Lei 13.303, Art. 28, CAPUT",2021-07-14,2025-03-24,"R$ 29.904.075,53","R$ 0,00","R$ 10.238.194,09",Concluído,001-003-002,Other,BRL,29904075.53
MINISTÉRIO DE MINAS E ENERGIA,PETROBRAS,910816 - Petróleo Brasileiro S.A.,4600653515,5900.0118684.21.2,7003219773.0,LICITAÇÃO,HALLIBURTON PRODUTOS LTDA.,16328932000106,SERVIÇOS DE CONTRAPRESSÃO COM TECNOLOGIA MPD,"Licitação, Lei 13.303, Art. 28, CAPUT",2021-07-14,2025-03-24,"US$ 8.153.094,95","US$ 0,00","US$ 1.696.516,64",Concluído,001-002-003,Other,USD,8153094.95
MINISTÉRIO DE MINAS E ENERGIA,PETROBRAS,910816 - Petróleo Brasileiro S.A.,4600653714,5900.0118353.21.2,7003154647.0,LICITAÇÃO,HALLIBURTON PRODUTOS LTDA.,16328932000106,SERVIÇOS DE INSTALAÇÃO E DESINSTALAÇÃO DE VÁLVULA DE SEGURANÇA (DSHV) - LOTE A,"Licitação, Lei 13.303, Art. 28, CAPUT",2021-07-02,2026-04-06,"R$ 6.175.712,16","R$ 129.119,59","R$ 0,00",Ativo,001-002-003-004-999-005-998,DHSV / Safety Valve,BRL,6175712.16
MINISTÉRIO DE MINAS E ENERGIA,PETROBRAS,910816 - Petróleo Brasileiro S.A.,4600654919,5900.0116890.20.2,7002853239.0,INEXIGIBIL,HALLIBURTON PRODUTOS LTDA.,16328932000106,SERVIÇOS DE ESTIMULAÇÃO,"Inexigibilidade, Lei 13.303, Art.30, CAPUT - Inviabilidade de competição",2020-12-11,2024-09-05,"R$ 67.949.409,24","R$ 0,00","R$ 27.812.757,38",Concluído,001,Stimulation,BRL,67949409.24
MINISTÉRIO DE MINAS E ENERGIA,PETROBRAS,910816 - Petróleo Brasileiro S.A.,4600654920,5900.0116890.20.2,7002853239.0,INEXIGIBIL,HALLIBURTON PRODUTOS LTDA.,16328932000106,SERVIÇOS DE ESTIMULAÇÃO,"Inexigibilidade, Lei 13.303, Art.30, CAPUT - Inviabilidade de competição",2020-12-11,2024-09-05,"R$ 94.081.585,00","R$ 0,00","R$ 81.983.517,51",Concluído,001,Stimulation,BRL,94081585.0
MINISTÉRIO DE MINAS E ENERGIA,PETROBRAS,910816 - Petróleo Brasileiro S.A.,4600654921,5900.0116890.20.2,7002853239.0,INEXIGIBIL,HALLIBURTON PRODUTOS LTDA.,16328932000106,SERVIÇOS DE ESTIMULAÇÃO,"Inexigibilidade, Lei 13.303, Art.30, CAPUT - Inviabilidade de competição",2020-12-11,2024-09-05,"US$ 20.854.254,00","US$ 0,00","US$ 17.482.120,90",Concluído,001,Stimulation,USD,20854254.0
MINISTÉRIO DE MINAS E ENERGIA,PETROBRAS,910816 - Petróleo Brasileiro S.A.,4600654936,5900.0118372.21.2,7003241535.0,INEXIGIBIL,HALLIBURTON PRODUTOS LTDA.,16328932000106,SERVIÇOS DE CONSTRUÇÃO DE POÇOS MARÍTIMOS,"Inexigibilidade, Lei 13.303, Art.30, CAPUT - Inviabilidade de competição",2021-07-22,2024-04-06,"R$ 258.980.894,37","R$ 0,00","R$ 114.375.827,33",Concluído,950-001,Well Construction,BRL,258980894.37
MINISTÉRIO DE MINAS E ENERGIA,PETROBRAS,910816 - Petróleo Brasileiro S.A.,4600654937,5900.0118372.21.2,7003241535.0,INEXIGIBIL,HALLIBURTON PRODUTOS LTDA.,16328932000106,SERVIÇOS DE CONSTRUÇÃO DE POÇOS MARÍTIMOS,"Inexigibilidade, Lei 13.303, Art.30, CAPUT - Inviabilidade de competição",2021-07-22,2024-04-06,"US$ 64.275.107,18","US$ 0,00","US$ 24.431.216,35",Concluído,950-001,Well Construction,USD,64275107.18
MINISTÉRIO DE MINAS E ENERGIA,PETROBRAS,910816 - Petróleo Brasileiro S.A.,4600655328,5900.0119145.21.2,7003236580.0,LICITAÇÃO,HALLIBURTON PRODUTOS LTDA.,16328932000106,SERVIÇOS DE ENGENHARIA PARA CIMENTAÇÃO E PARA ISOLAMENTO HIDRÁULICO DE POÇOS DE PETRÓLEO.,"Licitação, Lei 13.303, Art. 28, CAPUT",2021-11-09,2026-04-30,"US$ 6.798.786,85","US$ 729.062,74","US$ 0,00",Ativo,001-002-003-004-008-005-006-007,Other,USD,6798786.85
MINISTÉRIO DE MINAS E ENERGIA,PETROBRAS,910816 - Petróleo Brasileiro S.A.,4600655910,5900.0119145.21.2,7003236580.0,LICITAÇÃO,HALLIBURTON PRODUTOS LTDA.,16328932000106,SERVIÇOS DE ENGENHARIA PARA CIMENTAÇÃO E PARA ISOLAMENTO HIDRÁULICO DE POÇOS DE PETRÓLEO.,"Licitação, Lei 13.303, Art. 28, CAPUT",2021-11-09,2026-04-30,"R$ 72.022.897,71","R$ 8.263.188,67","R$ 0,00",Ativo,001-002-003-004-005-006-007-008,Other,BRL,72022897.71
MINISTÉRIO DE MINAS E ENERGIA,PETROBRAS,910816 - Petróleo Brasileiro S.A.,4600656517,5900.0118240.21.2,7003024762.0,LICITAÇÃO,HALLIBURTON PRODUTOS LTDA.,16328932000106,"SERVIÇOS DE INSTALAÇÃO DE SCIHD, SCI SELETIVA, ASSISTÊNCIA TÉCNICA E CONDICIONAMENTO DE POÇO - LOTE A","Licitação, Lei 13.303, Art. 28, CAPUT",2021-06-18,2026-06-16,"R$ 74.533.534,63","R$ 27.356.483,58","R$ 0,00",Ativo,001-003-002-004,Other,BRL,74533534.63
MINISTÉRIO DE MINAS E ENERGIA,PETROBRAS,910816 - Petróleo Brasileiro S.A.,4600657513,,7003236580.0,LICITAÇÃO,HALLIBURTON PRODUTOS LTDA.,16328932000106,Fornecimento de Acessórios Especiais de Cimentação,"Licitação, Lei 13.303, Art. 28, CAPUT",2022-01-19,2025-07-16,"US$ 3.468.714,69","US$ 0,00","US$ 3.468.714,69",Concluído,,Stimulation,USD,3468714.69
MINISTÉRIO DE MINAS E ENERGIA,PETROBRAS,910816 - Petróleo Brasileiro S.A.,4600657819,,7003236580.0,LICITAÇÃO,HALLIBURTON PRODUTOS LTDA.,16328932000106,Serviços de Engenharia de Cimentação e Isolamento Hidráulico de Poços,"Licitação, Lei 13.303, Art. 28, CAPUT",2021-10-21,2025-04-18,"R$ 17.335.426,74","R$ 0,00","R$ 17.335.426,74",Cancelado,,Other,BRL,17335426.74
MINISTÉRIO DE MINAS E ENERGIA,PETROBRAS,910816 - Petróleo Brasileiro S.A.,4600658214,5900.0119361.21.2,7003436770.0,LICITAÇÃO,HALLIBURTON PRODUTOS LTDA.,16328932000106,SERVIÇO DE SUPORTE À OPERAÇÃO DE CONSTRUÇÃO E MANUTENÇÃO DE POÇOS,"Licitação, Lei 13.303, Art. 28, CAPUT",2021-10-19,2025-07-24,"R$ 63.178.202,00","R$ 0,00","R$ 15.682.933,15",Concluído,001-200-002,Other,BRL,63178202.0
MINISTÉRIO DE MINAS E ENERGIA,PETROBRAS,910816 - Petróleo Brasileiro S.A.,4600658912,5900.0119361.21.2,7003436770.0,LICITAÇÃO,HALLIBURTON PRODUTOS LTDA.,16328932000106,SERVIÇO DE SUPORTE À OPERAÇÃO DE CONSTRUÇÃO E MANUTENÇÃO DE POÇOS,"Licitação, Lei 13.303, Art. 28, CAPUT",2021-10-19,2025-07-24,"US$ 1.898.081,28","US$ 0,00","US$ 458.660,57",Concluído,001-002-200,Other,USD,1898081.28
MINISTÉRIO DE MINAS E ENERGIA,PETROBRAS,910816 - Petróleo Brasileiro S.A.,4600659249,5900.0119598.21.2,7003518929.0,LICITAÇÃO,HALLIBURTON PRODUTOS LTDA.,16328932000106,SERVIÇOS PARA TAMPONAMENTO DE POÇO,"Licitação, Lei 13.303, Art. 28, CAPUT",2021-11-30,2025-05-04,"R$ 52.467.391,00","R$ 0,00","R$ 47.927.748,88",Concluído,001-002,Other,BRL,52467391.0
MINISTÉRIO DE MINAS E ENERGIA,PETROBRAS,910816 - Petróleo Brasileiro S.A.,4600659631,5900.0119598.21.2,7003518929.0,LICITAÇÃO,HALLIBURTON PRODUTOS LTDA.,16328932000106,SERVIÇOS PARA TAMPONAMENTO DE POÇO,"Licitação, Lei 13.303, Art. 28, CAPUT",2021-11-30,2025-05-04,"US$ 4.011.628,68","US$ 0,00","US$ 14.486,44",Concluído,001-002,Other,USD,4011628.68
MINISTÉRIO DE MINAS E ENERGIA,PETROBRAS,910816 - Petróleo Brasileiro S.A.,4600660838,5900.0120069.21.2,7003524820.0,PREGÃO,HALLIBURTON PRODUTOS LTDA.,16328932000106,ENSAIOS LABORATORIAIS DE ROCHA DIGITAL,"Pregão, Lei 13.303, Art. 32, Inciso IV - Aquisição de bens e serviços comuns",2021-12-30,2026-01-17,"R$ 4.760.147,40","R$ 0,00","R$ 3.810.955,54",Concluído,,Formation Evaluation,BRL,4760147.4
MINISTÉRIO DE MINAS E ENERGIA,PETROBRAS,910816 - Petróleo Brasileiro S.A.,4600661616,,7003520785.0,LICITAÇÃO,HALLIBURTON PRODUTOS LTDA.,16328932000106,Produtos Químicos para intervenções em poços das Unidades deConstrução de Poços Terrestres,"Licitação, Lei 13.303, Art. 28, CAPUT",2021-12-27,2024-07-31,"R$ 39.813.130,81","R$ 0,00","R$ 5.528.347,78",Concluído,010-011-014,Well Construction,BRL,39813130.81
MINISTÉRIO DE MINAS E ENERGIA,PETROBRAS,910816 - Petróleo Brasileiro S.A.,4600661836,,7003455324.0,LICITAÇÃO,HALLIBURTON PRODUTOS LTDA.,16328932000289,"Sensores Permanentes de Fundo de Poço (PDG) do tipo HPHT (High Pressure,High Temperature), cabos e protetores de cabo (Clamps)","Licitação, Lei 13.303, Art. 28, CAPUT",2022-01-21,2025-07-21,"R$ 805.027,08","R$ 0,00","R$ 318.683,62",Concluído,,Formation Evaluation,BRL,805027.08
MINISTÉRIO DE MINAS E ENERGIA,PETROBRAS,910816 - Petróleo Brasileiro S.A.,4600661837,,7003455324.0,LICITAÇÃO,HALLIBURTON FAR EAST PTE LTD.,EXTERNO,"Sensores Permanentes de Fundo de Poço (PDG) do tipo HPHT (High Pressure,High Temperature), cabos e protetores de cabo (Clamps)","Licitação, Lei 13.303, Art. 28, CAPUT",2022-01-21,2025-07-21,"US$ 5.974.144,93","US$ 0,00","US$ 635.131,48",Concluído,,Formation Evaluation,USD,5974144.93
MINISTÉRIO DE MINAS E ENERGIA,PETROBRAS,910816 - Petróleo Brasileiro S.A.,4600662914,,7003520785.0,LICITAÇÃO,HALLIBURTON PRODUTOS LTDA.,16328932000106,Produtos Químicos para intervenções em poços das Unidades deConstrução de Poços Terrestres lote 5 CPT ES,"Licitação, Lei 13.303, Art. 28, CAPUT",2021-12-27,2023-07-24,"R$ 10.585.694,74","R$ 0,00","R$ 5.393.946,85",Concluído,011,Well Construction,BRL,10585694.74
MINISTÉRIO DE MINAS E ENERGIA,PETROBRAS,910816 - Petróleo Brasileiro S.A.,4600663311,,7003438787.0,LICITAÇÃO,HALLIBURTON PRODUTOS LTDA.,16328932000106,COMPLETAÇÃO BUZIOS,"Licitação, Lei 13.303, Art. 28, CAPUT",2022-02-10,2024-03-05,"US$ 42.274.102,20","US$ 0,00","US$ 2.086.201,73",Concluído,,Completions Supply,USD,42274102.2
MINISTÉRIO DE MINAS E ENERGIA,PETROBRAS,910816 - Petróleo Brasileiro S.A.,4600663320,5900.0120153.21.2,7003438787.0,LICITAÇÃO,HALLIBURTON PRODUTOS LTDA.,16328932000106,SERVIÇOS INTEGRADOS DE COMPLETAÇÃO DE POÇOS # LOTE E,"Licitação, Lei 13.303, Art. 28, CAPUT",2022-02-10,2024-12-30,"US$ 16.798.764,72","US$ 0,00","US$ 6.456.051,37",Concluído,001,Completions Supply,USD,16798764.72
MINISTÉRIO DE MINAS E ENERGIA,PETROBRAS,910816 - Petróleo Brasileiro S.A.,4600663619,,7003520785.0,LICITAÇÃO,HALLIBURTON PRODUTOS LTDA.,16328932000106,Produtos Químicos para intervenções em poços das Unidades de Construçãode Poços Terrestres SEAL,"Licitação, Lei 13.303, Art. 28, CAPUT",2022-02-25,2023-07-24,"R$ 16.542.015,31","R$ 0,00","R$ 14.720.809,91",Concluído,007,Fluids & Chemicals,BRL,16542015.31
MINISTÉRIO DE MINAS E ENERGIA,PETROBRAS,910816 - Petróleo Brasileiro S.A.,4600664031,5900.0120153.21.2,7003438787.0,LICITAÇÃO,HALLIBURTON PRODUTOS LTDA.,16328932000106,SERVIÇOS INTEGRADOS DE COMPLETAÇÃO DE POÇOS # LOTE E,"Licitação, Lei 13.303, Art. 28, CAPUT",2022-02-10,2024-12-30,"R$ 87.530.860,34","R$ 0,00","R$ 33.720.462,14",Concluído,001,Completions Supply,BRL,87530860.34
MINISTÉRIO DE MINAS E ENERGIA,PETROBRAS,910816 - Petróleo Brasileiro S.A.,4600664319,5900.0120402.22.2,7003438787.0,LICITAÇÃO,HALLIBURTON FAR EAST PTE LTD.,EXTERNO,MATERIAIS DE COMPLETAÇÃO DE POÇOS - LOTE E,"Licitação, Lei 13.303, Art. 28, CAPUT",2022-02-10,2024-03-05,"US$ 204.243.565,21","US$ 0,00","US$ 63.787.598,79",Concluído,001-003,Completions Supply,USD,204243565.21
MINISTÉRIO DE MINAS E ENERGIA,PETROBRAS,910816 - Petróleo Brasileiro S.A.,4600664674,5900.0120301.22.2,7003684166.0,INEXIGIBIL,HALLIBURTON PRODUTOS LTDA.,16328932000106,SERVIÇOS PARA TESTES DE ALTA PRESSÃO (3000 PSI) DA ICV-E  (NBS: 1.1404.43.00),"Inexigibilidade, Lei 13.303, Art.30, Inciso II, A - Contratação de estudos téc., planejam. e projetos básicos ou execut.",2022-02-24,2023-04-19,"US$ 611.689,72","US$ 0,00","US$ 33,58",Concluído,001,Other,USD,611689.72
MINISTÉRIO DE MINAS E ENERGIA,PETROBRAS,910816 - Petróleo Brasileiro S.A.,4600664702,5900.0120021.21.2,7003455324.0,LICITAÇÃO,HALLIBURTON PRODUTOS LTDA.,16328932000106,"SERVIÇOS DE INSTALAÇÃO, MANUTENÇÃO, PRESERVAÇÃO, GUARDA E PREPARAÇÃO PARA EMBARQUE DE PDGS HPHT","Licitação, Lei 13.303, Art. 28, CAPUT",2022-02-16,2025-10-15,"R$ 4.735.920,88","R$ 0,00","R$ 2.187.438,82",Concluído,001-002-003,Formation Evaluation,BRL,4735920.88
MINISTÉRIO DE MINAS E ENERGIA,PETROBRAS,910816 - Petróleo Brasileiro S.A.,4600665636,5900.0116942.20.2,7002853239.0,LICITAÇÃO,HALLIBURTON PRODUTOS LTDA.,16328932000106,FORNECIMENTO DE PRODUTOS QUÍMICOS - EMBARCAÇÃO DO TIPO WSSV,"Licitação, Lei 13.303, Art. 28, CAPUT",2020-12-11,2024-09-05,"US$ 3.093.636,44","US$ 0,00","US$ 2.292.511,78",Concluído,999-998-997,Fluids & Chemicals,USD,3093636.44
MINISTÉRIO DE MINAS E ENERGIA,PETROBRAS,910816 - Petróleo Brasileiro S.A.,4600665939,5900.0120090.21.2,7003477039.0,LICITAÇÃO,HALLIBURTON PRODUTOS LTDA.,16328932000106,CONSTRUÇÃO DE POÇOS,"Licitação, Lei 13.303, Art. 28, CAPUT",2022-03-28,2025-11-26,"R$ 1.035.561.526,14","R$ 0,00","R$ 548.758.740,92",Concluído,001-002-003,Well Construction,BRL,1035561526.14
MINISTÉRIO DE MINAS E ENERGIA,PETROBRAS,910816 - Petróleo Brasileiro S.A.,4600666131,5900.0116942.20.2,7002853239.0,LICITAÇÃO,HALLIBURTON PRODUTOS LTDA.,16328932000106,FORNECIMENTO DE PRODUTOS QUÍMICOS - EMBARCAÇÃO DO TIPO WSSV,"Licitação, Lei 13.303, Art. 28, CAPUT",2020-12-11,2024-09-05,"R$ 27.889.115,12","R$ 0,00","R$ 24.548.501,52",Concluído,999-998-996,Fluids & Chemicals,BRL,27889115.12
MINISTÉRIO DE MINAS E ENERGIA,PETROBRAS,910816 - Petróleo Brasileiro S.A.,4600666134,5900.0120090.21.2,7003477039.0,LICITAÇÃO,HALLIBURTON PRODUTOS LTDA.,16328932000106,CONSTRUÇÃO DE POÇOS,"Licitação, Lei 13.303, Art. 28, CAPUT",2022-03-28,2025-11-26,"US$ 140.405.241,31","US$ 0,00","US$ 64.606.054,26",Concluído,002-003,Well Construction,USD,140405241.31
MINISTÉRIO DE MINAS E ENERGIA,PETROBRAS,910816 - Petróleo Brasileiro S.A.,4600668146,5900.0121322.22.2,7003522915.0,LICITAÇÃO,HALLIBURTON PRODUTOS LTDA.,16328932000106,SERVIÇOS DE ESTIMULAÇÃO DE POÇOS DE PETRÓLEO,"Licitação, Lei 13.303, Art. 28, CAPUT",2022-07-06,2027-05-02,"R$ 142.150.439,16","R$ 72.462.533,41","R$ 0,00",Ativo,001-998-002-003,Stimulation,BRL,142150439.16
MINISTÉRIO DE MINAS E ENERGIA,PETROBRAS,910816 - Petróleo Brasileiro S.A.,4600668147,5900.0121322.22.2,7003522915.0,LICITAÇÃO,HALLIBURTON PRODUTOS LTDA.,16328932000106,SERVIÇOS DE ESTIMULAÇÃO DE POÇOS DE PETRÓLEO,"Licitação, Lei 13.303, Art. 28, CAPUT",2022-07-06,2027-05-02,"R$ 116.836.130,00","R$ 105.152.292,83","R$ 0,00",Ativo,001-998-002-003,Stimulation,BRL,116836130.0
MINISTÉRIO DE MINAS E ENERGIA,PETROBRAS,910816 - Petróleo Brasileiro S.A.,4600668148,5900.0121322.22.2,7003522915.0,LICITAÇÃO,HALLIBURTON PRODUTOS LTDA.,16328932000106,SERVIÇOS DE ESTIMULAÇÃO DE POÇOS DE PETRÓLEO,"Licitação, Lei 13.303, Art. 28, CAPUT",2022-07-06,2027-05-02,"US$ 17.510.270,00","US$ 13.512.231,33","US$ 0,00",Ativo,001-998-002-003,Stimulation,USD,17510270.0
MINISTÉRIO DE MINAS E ENERGIA,PETROBRAS,910816 - Petróleo Brasileiro S.A.,4600668558,5900.0121407.22.2,7003714702.0,LICITAÇÃO,HALLIBURTON PRODUTOS LTDA.,16328932000106,"SERV.DE SECAGEM, PROCES. E COLETA DE FLUIDOS/SÓLIDOS PROV. DE ATIV. COM FLUIDOS EM PERF., COMPLET., MAMANUT, E INTERV. EM POÇOS MAR","Licitação, Lei 13.303, Art. 28, CAPUT",2022-07-04,2026-12-29,"R$ 80.755.729,73","R$ 44.553.462,65","R$ 0,00",Ativo,001,Fluids & Chemicals,BRL,80755729.73
MINISTÉRIO DE MINAS E ENERGIA,PETROBRAS,910816 - Petróleo Brasileiro S.A.,4600668559,5900.0121407.22.2,7003714702.0,LICITAÇÃO,HALLIBURTON PRODUTOS LTDA.,16328932000106,"SERV.DE SECAGEM, PROCES. E COLETA DE FLUIDOS/SÓLIDOS PROV. DE ATIV. COM FLUIDOS EM PERF., COMPLET., MAMANUT, E INTERV. EM POÇOS MAR","Licitação, Lei 13.303, Art. 28, CAPUT",2022-07-04,2026-12-29,"US$ 1.788.584,74","US$ 986.413,39","US$ 0,00",Ativo,001,Fluids & Chemicals,USD,1788584.74
MINISTÉRIO DE MINAS E ENERGIA,PETROBRAS,910816 - Petróleo Brasileiro S.A.,4600668729,5900.0121663.22.2,7003782540.0,LICITAÇÃO,HALLIBURTON PRODUTOS LTDA.,16328932000106,SERVICOS TECNICOS ESPECIALIZADOS DE AVALIAÇÃO DE FORMAÇÕES TECNOLOGIA CONVENCIONAL,"Licitação, Lei 13.303, Art. 28, CAPUT",2022-07-22,2025-08-31,"R$ 157.944.775,34","R$ 0,00","R$ 10.493.644,45",Concluído,003-002-001-004-005,Formation Evaluation,BRL,157944775.34
MINISTÉRIO DE MINAS E ENERGIA,PETROBRAS,910816 - Petróleo Brasileiro S.A.,4600668730,5900.0121663.22.2,7003782540.0,LICITAÇÃO,HALLIBURTON PRODUTOS LTDA.,16328932000106,SERVICOS TECNICOS ESPECIALIZADOS DE AVALIAÇÃO DE FORMAÇÕES TECNOLOGIA CONVENCIONAL,"Licitação, Lei 13.303, Art. 28, CAPUT",2022-07-22,2025-08-31,"US$ 7.456.966,90","US$ 0,00","US$ 2.755.631,41",Concluído,003-002-001-005-004,Formation Evaluation,USD,7456966.9
MINISTÉRIO DE MINAS E ENERGIA,PETROBRAS,910816 - Petróleo Brasileiro S.A.,4600670819,,7003893072.0,LICITAÇÃO,HALLIBURTON PRODUTOS LTDA.,16328932000106,"CLÁUSULA PRIMEIRA - OBJETO1.1 - O presente Contrato tem por objeto o fornecimento pela CONTRATADAdeFornecimento de produtos químicos para barcos de estimulação, paraatendimento àsoperações em pool de","Licitação, Lei 13.303, Art. 28, CAPUT",2022-09-27,2026-09-25,"R$ 8.514.911,75","R$ 6.385.819,20","R$ 0,00",Ativo,001,Fluids & Chemicals,BRL,8514911.75
MINISTÉRIO DE MINAS E ENERGIA,PETROBRAS,910816 - Petróleo Brasileiro S.A.,4600670878,,7003820364.0,LICITAÇÃO,HALLIBURTON PRODUTOS LTDA,16328932001765,Produtos Químicos para intervenções em Poços de Terras e ÁguasRasas.,"Licitação, Lei 13.303, Art. 28, CAPUT",2022-09-26,2024-06-21,"R$ 23.808.863,95","R$ 0,00","R$ 3.417.306,79",Concluído,006,Fluids & Chemicals,BRL,23808863.95
MINISTÉRIO DE MINAS E ENERGIA,PETROBRAS,910816 - Petróleo Brasileiro S.A.,4600670903,5900.0121876.22.2,7003792349.0,INEXIGIBIL,HALLIBURTON PRODUTOS LTDA.,16328932000106,SUPORTE ESPECIALIZADO E SUPORTE TÉCNICO À MIGRAÇÃO DE DADOS,"Inexigibilidade, Lei 13.303, Art.30, Inciso I - Aquisição de materiais, equip, gêneros com fornecedor exclusivo",2022-09-20,2027-09-18,"R$ 18.797.624,60","R$ 7.733.317,33","R$ 0,00",Ativo,,Other,BRL,18797624.6
MINISTÉRIO DE MINAS E ENERGIA,PETROBRAS,910816 - Petróleo Brasileiro S.A.,4600671177,,7003684427.0,LICITAÇÃO,HALLIBURTON FAR EAST PTE LTD.,EXTERNO,"CONTRATO,,ÍNDICECLÁUSULA PRIMEIRA - OBJETOCLÁUSULA SEGUNDA - ENTREGACLÁUSULA TERCEIRA - PRAZOCLÁUSULA QUARTA - PREÇOS E VALORCLÁUSULA QUINTA - CONDIÇÕES GERAISCLÁUSULA SEXTA - DISPOSIÇÕES FINAISCLÁUSU","Licitação, Lei 13.303, Art. 28, CAPUT",2022-10-04,2025-02-19,"US$ 141.197.692,82","US$ 0,00","US$ 89.778.958,77",Concluído,002,Other,USD,141197692.82
MINISTÉRIO DE MINAS E ENERGIA,PETROBRAS,910816 - Petróleo Brasileiro S.A.,4600671399,5900.0122362.22.2,7003798658.0,INEXIGIBIL,HALLIBURTON PRODUTOS LTDA.,16328932000106,SIMULAÇÃO NUMÉRICA E PROCESSAMENTO DE IMAGENS PARA OBTENÇÃO DE PROPRIEDADES PETROFÍSICAS,"Inexigibilidade, Lei 13.303, Art.30, CAPUT - Inviabilidade de competição",2022-10-19,2026-10-17,"R$ 13.212.522,65","R$ 11.076.310,79","R$ 0,00",Ativo,,Other,BRL,13212522.65
MINISTÉRIO DE MINAS E ENERGIA,PETROBRAS,910816 - Petróleo Brasileiro S.A.,4600673081,5900.0121344.22.2,7003522915.0,LICITAÇÃO,HALLIBURTON PRODUTOS LTDA.,16328932000106,FORNECIMENTO DE PRODUTOS QUÍMICOS PARA SERV. DE ESTIM.EM POÇOS DE PETRÓLEO,"Licitação, Lei 13.303, Art. 28, CAPUT",2022-07-06,2027-07-04,"US$ 1.738.774,03","US$ 1.738.190,61","US$ 0,00",Ativo,999-001-002,Fluids & Chemicals,USD,1738774.03
MINISTÉRIO DE MINAS E ENERGIA,PETROBRAS,910816 - Petróleo Brasileiro S.A.,4600673097,5900.0121344.22.2,7003522915.0,LICITAÇÃO,HALLIBURTON PRODUTOS LTDA.,16328932000106,FORNECIMENTO DE PRODUTOS QUÍMICOS PARA SERV. DE ESTIM.EM POÇOS DE PETRÓLEO,"Licitação, Lei 13.303, Art. 28, CAPUT",2022-07-06,2027-07-04,"R$ 15.384.810,64","R$ 14.733.308,08","R$ 0,00",Ativo,001-002-999,Fluids & Chemicals,BRL,15384810.64
MINISTÉRIO DE MINAS E ENERGIA,PETROBRAS,910816 - Petróleo Brasileiro S.A.,4600673840,5900.0123652.23.2,7003978371.0,LICITAÇÃO,HALLIBURTON PRODUTOS LTDA.,16328932000106,SUP. TÉC. ESP. NA GESTÃO DE DADOS E NO USO DE TECNOLOGIAS E SISTEMAS DE INTERPRETAÇÃO GEOLÓGICA E GEOFÍSICA DA SUÍTE IENERGY,"Licitação, Lei 13.303, Art. 28, CAPUT",2023-03-18,2028-03-15,"R$ 80.676.038,82","R$ 32.592.368,53","R$ 0,00",Ativo,001,Other,BRL,80676038.82
MINISTÉRIO DE MINAS E ENERGIA,PETROBRAS,910816 - Petróleo Brasileiro S.A.,4600674036,0050.0120761.22.9,,CONVÊNIO,HALLIBURTON PRODUTOS LTDA.,16328932000106,"LIBRA 4.0 - DIGITAL TWIN DE SISTEMA DE PRODUÇÃO DE CAMPO DO PRÉ-SAL DESDE RESERVATÓRIO ATÉ TOPSIDES, PARA MONITORAMENTO E OTIMIZAÇÃO","Convênio, Patrocínio e Termo de Cooperação, Lei 13.303, Art. 27, § 3º",2023-02-15,2028-02-13,"R$ 52.083.514,68","R$ 22.489.380,85","R$ 0,00",Ativo,,Other,BRL,52083514.68
MINISTÉRIO DE MINAS E ENERGIA,PETROBRAS,910816 - Petróleo Brasileiro S.A.,4600674095,5900.0123524.23.2,7003778855.0,LICITAÇÃO,HALLIBURTON PRODUTOS LTDA.,16328932000106,SERVIÇOS DE FLUIDOS PARA POÇOS QUE DEMANDAM OPERAÇÕES COM FLUIDO MULTIFUNCIONAL,"Licitação, Lei 13.303, Art. 28, CAPUT",2023-03-21,2025-12-29,"R$ 3.481.036,50","R$ 0,00","R$ 795.603,99",Concluído,001-002-003,Fluids & Chemicals,BRL,3481036.5
MINISTÉRIO DE MINAS E ENERGIA,PETROBRAS,910816 - Petróleo Brasileiro S.A.,4600675007,5900.0124253.23.2,7003982454.0,LICITAÇÃO,HALLIBURTON PRODUTOS LTDA.,16328932000106,SERVIÇOS TÉCNICOS ESPECIALIZADOS DE CIMENTAÇÃO E ESTIMULAÇÃO EM POÇOS DE PETRÓLEO,"Licitação, Lei 13.303, Art. 28, CAPUT",2023-06-13,2026-12-06,"R$ 250.311.244,43","R$ 112.765.041,69","R$ 0,00",Ativo,001-002-003-004,Stimulation,BRL,250311244.43
MINISTÉRIO DE MINAS E ENERGIA,PETROBRAS,910816 - Petróleo Brasileiro S.A.,4600675395,5900.0123652.23.2,7003978371.0,LICITAÇÃO,HALLIBURTON PRODUTOS LTDA.,16328932000106,SUP. TÉC. ESP. NA GESTÃO DE DADOS E NO USO DE TECNOLOGIAS E SISTEMAS DE INTERPRETAÇÃO GEOLÓGICA E GEOFÍSICA DA SUÍTE IENERGY,"Licitação, Lei 13.303, Art. 28, CAPUT",2023-03-18,2028-03-15,"R$ 70.263.387,18","R$ 26.354.511,55","R$ 0,00",Ativo,,Other,BRL,70263387.18
MINISTÉRIO DE MINAS E ENERGIA,PETROBRAS,910816 - Petróleo Brasileiro S.A.,4600675590,,7004020691.0,LICITAÇÃO,HALLIBURTON PRODUTOS LTDA.,16328932000106,"Brocas de perfuração com e sem partes móveis para perfuração eworkover., conforme as especificações deste documento e de seus adendos.","Licitação, Lei 13.303, Art. 28, CAPUT",2023-11-27,2025-11-25,"US$ 654.727,28","US$ 0,00","US$ 654.727,28",Concluído,004,Well Construction,USD,654727.28
MINISTÉRIO DE MINAS E ENERGIA,PETROBRAS,910816 - Petróleo Brasileiro S.A.,4600675982,5900.0123520.23.2,7003778855.0,LICITAÇÃO,HALLIBURTON PRODUTOS LTDA.,16328932000106,FORNEC DE PRODUTOS QUÍMICOS PARA UTILIZAÇÃO EM POÇOS QUE DEMANDAM OPERAÇÕES COM FLUIDO MULTIFUNCIONAL,"Licitação, Lei 13.303, Art. 28, CAPUT",2023-06-20,2025-12-29,"R$ 99.304.013,80","R$ 0,00","R$ 52.319.651,40",Concluído,001-158-002-157-003,Fluids & Chemicals,BRL,99304013.8
MINISTÉRIO DE MINAS E ENERGIA,PETROBRAS,910816 - Petróleo Brasileiro S.A.,4600676487,5900.0125423.23.2,7004053453.0,LICITAÇÃO,HALLIBURTON PRODUTOS LTDA.,16328932000106,FORNECIMENTO DE PRODUTOS QUÍMICOS - EMBARCAÇÃO DO TIPO WSSV,"Licitação, Lei 13.303, Art. 28, CAPUT",2023-10-31,2028-10-28,"US$ 87.286,56","US$ 87.286,56","US$ 0,00",Ativo,,Fluids & Chemicals,USD,87286.56
MINISTÉRIO DE MINAS E ENERGIA,PETROBRAS,910816 - Petróleo Brasileiro S.A.,4600676511,5900.0125423.23.2,7004053453.0,LICITAÇÃO,HALLIBURTON PRODUTOS LTDA.,16328932000106,FORNECIMENTO DE PRODUTOS QUÍMICOS - EMBARCAÇÃO DO TIPO WSSV,"Licitação, Lei 13.303, Art. 28, CAPUT",2023-10-31,2028-10-28,"R$ 5.303.180,37","R$ 5.303.180,37","R$ 0,00",Ativo,,Fluids & Chemicals,BRL,5303180.37
MINISTÉRIO DE MINAS E ENERGIA,PETROBRAS,910816 - Petróleo Brasileiro S.A.,4600676512,5900.0125422.23.2,7004053453.0,LICITAÇÃO,HALLIBURTON PRODUTOS LTDA.,16328932000106,"SERVIÇOS TÉCNICOS ESPECIALIZADOS DE TRATAMENTOS QUÍMICOS, ESTIMULAÇÃO E CORRELATOS, EM POÇOS DE PETRÓLEO, GÁS E OUTROS","Licitação, Lei 13.303, Art. 28, CAPUT",2023-10-31,2028-10-28,"US$ 222.752,54","US$ 205.299,90","US$ 0,00",Ativo,001,Stimulation,USD,222752.54
MINISTÉRIO DE MINAS E ENERGIA,PETROBRAS,910816 - Petróleo Brasileiro S.A.,4600676513,5900.0125422.23.2,7004053453.0,LICITAÇÃO,HALLIBURTON PRODUTOS LTDA.,16328932000106,"SERVIÇOS TÉCNICOS ESPECIALIZADOS DE TRATAMENTOS QUÍMICOS, ESTIMULAÇÃO E CORRELATOS, EM POÇOS DE PETRÓLEO, GÁS E OUTROS","Licitação, Lei 13.303, Art. 28, CAPUT",2023-10-31,2028-10-28,"R$ 34.065.795,40","R$ 25.232.720,42","R$ 0,00",Ativo,001,Stimulation,BRL,34065795.4
MINISTÉRIO DE MINAS E ENERGIA,PETROBRAS,910816 - Petróleo Brasileiro S.A.,4600676543,5900.0125422.23.2,7004053453.0,LICITAÇÃO,HALLIBURTON PRODUTOS LTDA.,16328932000106,"SERVIÇOS TÉCNICOS ESPECIALIZADOS DE TRATAMENTOS QUÍMICOS, ESTIMULAÇÃO E CORRELATOS, EM POÇOS DE PETRÓLEO, GÁS E OUTROS","Licitação, Lei 13.303, Art. 28, CAPUT",2023-10-31,2028-10-28,"R$ 50.931.170,22","R$ 47.332.217,68","R$ 0,00",Ativo,001,Stimulation,BRL,50931170.22
MINISTÉRIO DE MINAS E ENERGIA,PETROBRAS,910816 - Petróleo Brasileiro S.A.,4600677387,5900.0125629.23.2,7003882540.0,LICITAÇÃO,HALLIBURTON PRODUTOS LTDA.,16328932000106,DEVELOPMENT OF AN INNOVATIVE SOLUTION TO IDENTIFY THE PRESENCE OF ORGANIC DEP,"Licitação, Lei 13.303, Art. 28, CAPUT",2024-01-10,2025-04-08,"R$ 800.000,00","R$ 0,00","R$ 114.399,74",Concluído,001-999,Other,BRL,800000.0
MINISTÉRIO DE MINAS E ENERGIA,PETROBRAS,910816 - Petróleo Brasileiro S.A.,4600677417,5900.0116942.20.2,7002853239.0,LICITAÇÃO,HALLIBURTON PRODUTOS LTDA.,16328932000106,FORNECIMENTO DE PRODUTOS QUÍMICOS - EMBARCAÇÃO DO TIPO WSSV,"Licitação, Lei 13.303, Art. 28, CAPUT",2020-12-11,2024-09-05,"R$ 15.922.267,60","R$ 0,00","R$ 15.922.267,60",Cancelado,,Fluids & Chemicals,BRL,15922267.6
MINISTÉRIO DE MINAS E ENERGIA,PETROBRAS,910816 - Petróleo Brasileiro S.A.,4600677418,5900.0116942.20.2,7002853239.0,LICITAÇÃO,HALLIBURTON PRODUTOS LTDA.,16328932000106,FORNECIMENTO DE PRODUTOS QUÍMICOS - EMBARCAÇÃO DO TIPO WSSV,"Licitação, Lei 13.303, Art. 28, CAPUT",2020-12-11,2024-09-05,"US$ 3.788.568,79","US$ 0,00","US$ 3.788.568,79",Cancelado,,Fluids & Chemicals,USD,3788568.79
MINISTÉRIO DE MINAS E ENERGIA,PETROBRAS,910816 - Petróleo Brasileiro S.A.,4600677464,5900.0126275.24.2,7004205811.0,LICITAÇÃO,HALLIBURTON PRODUTOS LTDA.,16328932000106,SERVIÇOS DE GERENCIAMENTO DE PRESSÃO MPD,"Licitação, Lei 13.303, Art. 28, CAPUT",2024-01-19,2025-12-31,"R$ 40.876.185,48","R$ 0,00","R$ 705,61",Concluído,999,Other,BRL,40876185.48
MINISTÉRIO DE MINAS E ENERGIA,PETROBRAS,910816 - Petróleo Brasileiro S.A.,4600678162,5900.0126699.24.2,7004130762.0,LICITAÇÃO,HALLIBURTON PRODUTOS LTDA.,16328932000106,SERVIÇOS DE COMPLETAÇÃO UTILIZANDO DPR UMBILICAL LESS EM POÇOS PRODUTORES DE ÓLEO E GÁS E INJETORES DE ÁGUA E GÁS EM LDA DE 3000M,"Licitação, Lei 13.303, Art. 28, CAPUT",2024-03-13,2026-11-07,"R$ 19.590.171,64","R$ 17.372.416,38","R$ 0,00",Ativo,001,Other,BRL,19590171.64
MINISTÉRIO DE MINAS E ENERGIA,PETROBRAS,910816 - Petróleo Brasileiro S.A.,4600679164,5900.0127108.24.2,7004034443.0,LICITAÇÃO,HALLIBURTON PRODUTOS LTDA.,16328932000106,"SERVIÇOS DE WORKOVER, INTERVENÇÃO E ABANDONO DE POÇOS","Licitação, Lei 13.303, Art. 28, CAPUT",2024-06-05,2029-06-03,"R$ 2.688.678.002,64","R$ 2.294.862.559,63","R$ 0,00",Ativo,001,Other,BRL,2688678002.64
MINISTÉRIO DE MINAS E ENERGIA,PETROBRAS,910816 - Petróleo Brasileiro S.A.,4600679167,5900.0127108.24.2,7004034443.0,LICITAÇÃO,HALLIBURTON PRODUTOS LTDA.,16328932000106,"SERVIÇOS DE WORKOVER, INTERVENÇÃO E ABANDONO DE POÇOS","Licitação, Lei 13.303, Art. 28, CAPUT",2024-06-05,2029-06-03,"US$ 294.545.343,67","US$ 245.425.570,24","US$ 0,00",Ativo,001,Other,USD,294545343.67
MINISTÉRIO DE MINAS E ENERGIA,PETROBRAS,910816 - Petróleo Brasileiro S.A.,4600679239,5900.0127632.24.2,7004250988.0,LICITAÇÃO,HALLIBURTON PRODUTOS LTDA.,16328932000106,SERVIÇOS DE GERENCIAMENTO DE PRESSÃO  DE MPD (MANAGED PRESSURE DRILLING),"Licitação, Lei 13.303, Art. 28, CAPUT",2024-06-11,2028-03-06,"R$ 65.615.400,00","R$ 35.895.914,98","R$ 0,00",Ativo,,Other,BRL,65615400.0
MINISTÉRIO DE MINAS E ENERGIA,PETROBRAS,910816 - Petróleo Brasileiro S.A.,4600679309,5900.0127694.24.2,7004250563.0,LICITAÇÃO,HALLIBURTON PRODUTOS LTDA.,16328932000106,SERVIÇO DE DETECÇÃO MAGNÉTICA,"Licitação, Lei 13.303, Art. 28, CAPUT",2024-06-13,2027-06-12,"R$ 82.316.612,10","R$ 54.487.081,49","R$ 0,00",Ativo,,Other,BRL,82316612.1
MINISTÉRIO DE MINAS E ENERGIA,PETROBRAS,910816 - Petróleo Brasileiro S.A.,4600679311,5900.0127694.24.2,7004250563.0,LICITAÇÃO,HALLIBURTON PRODUTOS LTDA.,16328932000106,SERVIÇO DE DETECÇÃO MAGNÉTICA,"Licitação, Lei 13.303, Art. 28, CAPUT",2024-06-13,2027-06-12,"US$ 24.578.481,63","US$ 16.269.009,34","US$ 0,00",Ativo,,Other,USD,24578481.63
MINISTÉRIO DE MINAS E ENERGIA,PETROBRAS,910816 - Petróleo Brasileiro S.A.,4600680249,5900.0128207.24.2,7004069836.0,LICITAÇÃO,HALLIBURTON PRODUTOS LTDA.,16328932000106,SERVIÇOS DE FLEXITUBO,"Licitação, Lei 13.303, Art. 28, CAPUT",2024-08-26,2029-06-20,"R$ 45.727.005,14","R$ 34.149.404,81","R$ 0,00",Ativo,001,Other,BRL,45727005.14
MINISTÉRIO DE MINAS E ENERGIA,PETROBRAS,910816 - Petróleo Brasileiro S.A.,4600680263,5900.0128208.24.2,7004069836.0,LICITAÇÃO,HALLIBURTON PRODUTOS LTDA.,16328932000106,SERVIÇOS DE FLUIDOS,"Licitação, Lei 13.303, Art. 28, CAPUT",2024-08-26,2029-06-20,"R$ 24.462.860,86","R$ 18.312.179,50","R$ 0,00",Ativo,,Fluids & Chemicals,BRL,24462860.86
MINISTÉRIO DE MINAS E ENERGIA,PETROBRAS,910816 - Petróleo Brasileiro S.A.,4600680427,5900.0128647.24.2,7004236083.0,LICITAÇÃO,HALLIBURTON PRODUTOS LTDA.,16328932000106,BENS DE AVALIÇÃO DE FORMAÇÕES,"Licitação, Lei 13.303, Art. 28, CAPUT",2024-10-18,2027-04-20,"US$ 88.100,93","US$ 88.100,93","US$ 0,00",Ativo,,Formation Evaluation,USD,88100.93
MINISTÉRIO DE MINAS E ENERGIA,PETROBRAS,910816 - Petróleo Brasileiro S.A.,4600680428,5900.0128646.24.2,7004236083.0,LICITAÇÃO,HALLIBURTON FAR EAST PTE LTD.,EXTERNO,BENS DE AVALIAÇÃO DE FORMAÇÕES,"Licitação, Lei 13.303, Art. 28, CAPUT",2024-10-18,2027-04-20,"US$ 3.336.632,12","US$ 3.336.632,12","US$ 0,00",Ativo,,Formation Evaluation,USD,3336632.12
MINISTÉRIO DE MINAS E ENERGIA,PETROBRAS,910816 - Petróleo Brasileiro S.A.,4600680439,5900.0128409.24.2,7004272529.0,INEXIGIBIL,HALLIBURTON PRODUTOS LTDA.,16328932000106,PRESTAÇÃO DE SERVIÇOS DE SUPORTE TÉCNICO ESPECIALIZADO NO USO DE TECNOLOGIAS E SISTEMAS DE EXPLORAÇÃO E RESERVATÓRIOS PARA INTERPRET,"Inexigibilidade, Lei 13.303, Art.30, CAPUT - Inviabilidade de competição",2024-09-23,2027-03-24,"R$ 28.528.201,93","R$ 8.624.094,58","R$ 0,00",Ativo,,Other,BRL,28528201.93
MINISTÉRIO DE MINAS E ENERGIA,PETROBRAS,910816 - Petróleo Brasileiro S.A.,4600681150,5900.0128870.24.2,7004286668.0,LICITAÇÃO,HALLIBURTON PRODUTOS LTDA.,16328932000106,"SERVIÇOS TÉCNICOS DE PERFILAGEM A POÇO ABERTO E POÇO REVESTIDO, DE CANHONEIO E CORRELATOS EM POÇOS DE PETRÓLEO E GÁS","Licitação, Lei 13.303, Art. 28, CAPUT",2024-10-28,2027-10-27,"R$ 167.547.784,02","R$ 126.693.893,08","R$ 0,00",Ativo,001-002,Other,BRL,167547784.02
MINISTÉRIO DE MINAS E ENERGIA,PETROBRAS,910816 - Petróleo Brasileiro S.A.,4600681153,5900.0128836.24.2,7004280617.0,LICITAÇÃO,HALLIBURTON PRODUTOS LTDA.,16328932000106,SERVIÇO DE SUPORTE À OPERAÇÃO E MANUTENÇÃO DE POÇOS,"Licitação, Lei 13.303, Art. 28, CAPUT",2024-10-11,2028-01-18,"R$ 149.128.972,20","R$ 97.846.159,14","R$ 0,00",Ativo,001,Other,BRL,149128972.2
MINISTÉRIO DE MINAS E ENERGIA,PETROBRAS,910816 - Petróleo Brasileiro S.A.,4600681156,5900.0128519.24.2,7004236083.0,LICITAÇÃO,HALLIBURTON PRODUTOS LTDA.,16328932000106,SERVIÇOS DE AVALIAÇÃO DE FORMAÇÃO,"Licitação, Lei 13.303, Art. 28, CAPUT",2024-10-18,2028-04-14,"R$ 164.704.661,87","R$ 144.185.627,41","R$ 0,00",Ativo,001,Other,BRL,164704661.87
MINISTÉRIO DE MINAS E ENERGIA,PETROBRAS,910816 - Petróleo Brasileiro S.A.,4600681157,5900.0128519.24.2,7004236083.0,LICITAÇÃO,HALLIBURTON PRODUTOS LTDA.,16328932000106,SERVIÇOS DE AVALIAÇÃO DE FORMAÇÃO,"Licitação, Lei 13.303, Art. 28, CAPUT",2024-10-18,2028-04-14,"US$ 31.450.093,43","US$ 26.129.718,48","US$ 0,00",Ativo,001,Other,USD,31450093.43
MINISTÉRIO DE MINAS E ENERGIA,PETROBRAS,910816 - Petróleo Brasileiro S.A.,4600681164,5900.0128836.24.2,7004280617.0,LICITAÇÃO,HALLIBURTON PRODUTOS LTDA.,16328932000106,SERVIÇO DE SUPORTE À OPERAÇÃO E MANUTENÇÃO DE POÇOS,"Licitação, Lei 13.303, Art. 28, CAPUT",2024-10-11,2028-01-18,"US$ 3.749.211,90","US$ 2.413.022,98","US$ 0,00",Ativo,001,Other,USD,3749211.9
MINISTÉRIO DE MINAS E ENERGIA,PETROBRAS,910816 - Petróleo Brasileiro S.A.,4600681172,5900.0128870.24.2,7004286668.0,LICITAÇÃO,HALLIBURTON PRODUTOS LTDA.,16328932000106,"SERVIÇOS TÉCNICOS DE PERFILAGEM A POÇO ABERTO E POÇO REVESTIDO, DE CANHONEIO E CORRELATOS EM POÇOS DE PETRÓLEO E GÁS","Licitação, Lei 13.303, Art. 28, CAPUT",2024-10-28,2027-10-27,"R$ 16.918.942,06","R$ 12.276.501,90","R$ 0,00",Ativo,002-001,Other,BRL,16918942.06
MINISTÉRIO DE MINAS E ENERGIA,PETROBRAS,910816 - Petróleo Brasileiro S.A.,4600682210,5900.0129031.24.2,7004225124.0,LICITAÇÃO,HALLIBURTON PRODUTOS LTDA.,16328932000106,SERVIÇOS DE CONSTRUÇÃO DE POÇOS,"Licitação, Lei 13.303, Art. 28, CAPUT",2024-11-05,2029-11-03,"R$ 2.735.375.836,65","R$ 2.489.646.564,51","R$ 0,00",Ativo,001,Well Construction,BRL,2735375836.65
MINISTÉRIO DE MINAS E ENERGIA,PETROBRAS,910816 - Petróleo Brasileiro S.A.,4600682214,5900.0129031.24.2,7004225124.0,LICITAÇÃO,HALLIBURTON PRODUTOS LTDA.,16328932000106,SERVIÇOS DE CONSTRUÇÃO DE POÇOS,"Licitação, Lei 13.303, Art. 28, CAPUT",2024-11-05,2029-11-03,"US$ 334.391.735,79","US$ 302.528.105,02","US$ 0,00",Ativo,001,Well Construction,USD,334391735.79
MINISTÉRIO DE MINAS E ENERGIA,PETROBRAS,910816 - Petróleo Brasileiro S.A.,4600682234,5900.0129032.24.2,7004225124.0,LICITAÇÃO,HALLIBURTON PRODUTOS LTDA.,16328932000106,SERVIÇOS DE CONSTRUÇÃO DE POÇOS,"Licitação, Lei 13.303, Art. 28, CAPUT",2024-11-05,2029-11-03,"R$ 491.158.627,94","R$ 433.731.872,40","R$ 0,00",Ativo,001,Well Construction,BRL,491158627.94
MINISTÉRIO DE MINAS E ENERGIA,PETROBRAS,910816 - Petróleo Brasileiro S.A.,4600682236,5900.0129032.24.2,7004225124.0,LICITAÇÃO,HALLIBURTON PRODUTOS LTDA.,16328932000106,SERVIÇOS DE CONSTRUÇÃO DE POÇOS,"Licitação, Lei 13.303, Art. 28, CAPUT",2024-11-05,2029-11-03,"US$ 63.573.120,23","US$ 56.140.407,03","US$ 0,00",Ativo,001,Well Construction,USD,63573120.23
MINISTÉRIO DE MINAS E ENERGIA,PETROBRAS,910816 - Petróleo Brasileiro S.A.,4600682407,5900.0129859.25.2,7004297968.0,INEXIGIBIL,HALLIBURTON PRODUTOS LTDA.,16328932000106,"SERVIÇOS DE SUPORTE TÉCNICO ESPECIALIZADO NO USO DE TECNOLOGIAS E SISTEMAS DE INTERPRETAÇÃO GEOLÓGICA, GEOFÍSICA E DE ENGENHARIA DE","Inexigibilidade, Lei 13.303, Art.30, CAPUT - Inviabilidade de competição",2025-02-10,2028-02-09,"R$ 37.918.201,84","R$ 23.520.547,61","R$ 0,00",Ativo,,Other,BRL,37918201.84
MINISTÉRIO DE MINAS E ENERGIA,PETROBRAS,910816 - Petróleo Brasileiro S.A.,4600682987,5900.0130306.25.2,7004343456.0,INEXIGIBIL,HALLIBURTON PRODUTOS LTDA.,16328932000106,SERVIÇOS ESPECIALIZADOS PARA SUPORTE DA SUÍTE DE SOFTWARE OPENWELLS,"Inexigibilidade, Lei 13.303, Art.30, Inciso I - Aquisição de materiais, equip, gêneros com fornecedor exclusivo",2025-03-28,2026-03-27,"R$ 6.985.913,76","R$ 1.526.174,49","R$ 0,00",Ativo,,Other,BRL,6985913.76
MINISTÉRIO DE MINAS E ENERGIA,PETROBRAS,910816 - Petróleo Brasileiro S.A.,4600683741,5900.0130632.25.2,7004319773.0,LICITAÇÃO,HALLIBURTON PRODUTOS LTDA.,16328932000106,LOCAÇÃO E OPERAÇÃO DE UNIDADES GERADORAS DE NITROGÊNIO (UGN) E CRIOGÊNICAS (UN),"Licitação, Lei 13.303, Art. 28, CAPUT",2025-05-23,2029-05-21,"R$ 981.300.410,16","R$ 843.033.491,20","R$ 0,00",Ativo,001,Other,BRL,981300410.16
MINISTÉRIO DE MINAS E ENERGIA,PETROBRAS,910816 - Petróleo Brasileiro S.A.,4600683866,5900.0130927.25.2,7004327049.0,LICITAÇÃO,HALLIBURTON PRODUTOS LTDA.,16328932000106,"SERVIÇOS TÉCNICOS DE PERFILAGEM A POÇO ABERTO E REVESTIDO, CANHONEIO, ARAME E CORRELATOS EM POÇOS DE PETRÓLEO E/OU GÁS- WIRELINE","Licitação, Lei 13.303, Art. 28, CAPUT",2025-06-03,2030-06-01,"R$ 59.387.119,11","R$ 59.387.119,11","R$ 0,00",Ativo,,Other,BRL,59387119.11
MINISTÉRIO DE MINAS E ENERGIA,PETROBRAS,910816 - Petróleo Brasileiro S.A.,4600684669,5900.0131132.25.2,7004297366.0,LICITAÇÃO,HALLIBURTON PRODUTOS LTDA.,16328932000106,"SERVIÇOS DE INSTALAÇÃO, MANUTENÇÃO E ASSISTÊNCIA TÉCNICA E SERVIÇOS DE CONDICIONAMENTO DE POÇO E ABANDONO TEMPORÁRIO  LOTE D","Licitação, Lei 13.303, Art. 28, CAPUT",2025-07-14,2028-10-30,"R$ 158.851.912,67","R$ 158.851.912,67","R$ 0,00",Ativo,,Other,BRL,158851912.67
MINISTÉRIO DE MINAS E ENERGIA,PETROBRAS,910816 - Petróleo Brasileiro S.A.,4600684671,5900.0131132.25.2,7004297366.0,LICITAÇÃO,HALLIBURTON PRODUTOS LTDA.,16328932000106,"SERVIÇOS DE INSTALAÇÃO, MANUTENÇÃO E ASSISTÊNCIA TÉCNICA E SERVIÇOS DE CONDICIONAMENTO DE POÇO E ABANDONO TEMPORÁRIO  LOTE D","Licitação, Lei 13.303, Art. 28, CAPUT",2025-07-14,2028-10-30,"US$ 17.688.242,84","US$ 17.688.242,84","US$ 0,00",Ativo,,Other,USD,17688242.84
MINISTÉRIO DE MINAS E ENERGIA,PETROBRAS,910816 - Petróleo Brasileiro S.A.,4600684977,0050.0128594.24.9,,CONVÊNIO,HALLIBURTON PRODUTOS LTDA.,16328932000106," INTEGRAÇÃO DAS INTERFACES DE HARDWARE E SOFTWARE PARA INTEROPERABILIDADE DOS SISTEMAS ""SUBSEA CONTROL MODULE FOR WELL COMPLETION -","Convênio, Patrocínio e Termo de Cooperação, Lei 13.303, Art. 27, § 3º",2025-08-29,2027-05-25,"R$ 24.463.575,76","R$ 11.345.205,34","R$ 0,00",Ativo,,R&D / Innovation,BRL,24463575.76
MINISTÉRIO DE MINAS E ENERGIA,PETROBRAS,910816 - Petróleo Brasileiro S.A.,4600685123,5900.0131681.25.2,7004331236.0,LICITAÇÃO,HALLIBURTON PRODUTOS LTDA.,16328932000106,"SERVIÇOS TÉCNICOS ESPECIALIZADOS DE TRATAMENTOS QUÍMICOS, ESTIMULAÇÃO E CORRELATOS, EM POÇOS DE PETRÓLEO, GÁS E OUTROS","Licitação, Lei 13.303, Art. 28, CAPUT",2025-08-05,2030-08-03,"R$ 173.839.512,10","R$ 173.839.512,10","R$ 0,00",Ativo,,Stimulation,BRL,173839512.1
MINISTÉRIO DE MINAS E ENERGIA,PETROBRAS,910816 - Petróleo Brasileiro S.A.,4600685125,5900.0131681.25.2,7004331236.0,LICITAÇÃO,HALLIBURTON PRODUTOS LTDA.,16328932000106,"SERVIÇOS TÉCNICOS ESPECIALIZADOS DE TRATAMENTOS QUÍMICOS, ESTIMULAÇÃO E CORRELATOS, EM POÇOS DE PETRÓLEO, GÁS E OUTROS","Licitação, Lei 13.303, Art. 28, CAPUT",2025-08-05,2030-08-03,"US$ 16.468.341,50","US$ 16.468.341,50","US$ 0,00",Ativo,,Stimulation,USD,16468341.5
MINISTÉRIO DE MINAS E ENERGIA,PETROBRAS,910816 - Petróleo Brasileiro S.A.,4600686424,0050.0127364.24.9,,CONVÊNIO,HALLIBURTON PRODUTOS LTDA.,16328932000106,ANÁLISE DE VIABILIDADE E PROPOSTA DE SOLUÇÃO PARA INTERVENÇÃO ROBÓTICA - ROBIN,"Convênio, Patrocínio e Termo de Cooperação, Lei 13.303, Art. 27, § 3º",2025-12-12,2027-12-11,"R$ 24.106.044,32","R$ 17.644.016,90","R$ 0,00",Ativo,,R&D / Innovation,BRL,24106044.32
MINISTÉRIO DE MINAS E ENERGIA,PETROBRAS,910816 - Petróleo Brasileiro S.A.,4600686671,0050.0132648.25.9,,CONVÊNIO,HALLIBURTON ENERGY SERVICES INC,730271280,SOLUÇÃO INTEGRADA DE PERFURAÇÃO MARÍTIMA EM CARRETEL (PULSED POWER),"Convênio, Patrocínio e Termo de Cooperação, Lei 13.303, Art. 27, § 3º",2025-12-22,2029-12-20,"US$ 31.043.314,92","US$ 23.886.752,89","US$ 0,00",Ativo,,Well Construction,USD,31043314.92
MINISTÉRIO DE MINAS E ENERGIA,PETROBRAS,910816 - Petróleo Brasileiro S.A.,4600686749,0050.0128421.24.9,,CONVÊNIO,HALLIBURTON PRODUTOS LTDA.,16328932000106,DESENVOLVIMENTO VÁLVULA GÁS-LIFT ELÉTRICA PARA APLICAÇÃO EM POÇOS ELETRIFICADOS,"Convênio, Patrocínio e Termo de Cooperação, Lei 13.303, Art. 27, § 3º",2025-12-31,2028-10-25,"R$ 39.347.091,96","R$ 33.051.557,25","R$ 0,00",Ativo,,R&D / Innovation,BRL,39347091.96
MINISTÉRIO DE MINAS E ENERGIA,PETROBRAS,910816 - Petróleo Brasileiro S.A.,4600686898,5900.0133055.25.2,7004502968.0,LICITAÇÃO,HALLIBURTON PRODUTOS LTDA.,16328932000106,SERVIÇOS DE PERFURAÇÃO DIRECIONAL BA,"Licitação, Lei 13.303, Art. 28, CAPUT",2025-12-30,2029-07-11,"R$ 75.988.961,70","R$ 75.988.961,70","R$ 0,00",Ativo,,Well Construction,BRL,75988961.7
MINISTÉRIO DE MINAS E ENERGIA,PETROBRAS,910816 - Petróleo Brasileiro S.A.,4600686899,5900.0133055.25.2,7004502968.0,LICITAÇÃO,HALLIBURTON PRODUTOS LTDA.,16328932000106,SERVIÇOS DE PERFURAÇÃO DIRECIONAL BA,"Licitação, Lei 13.303, Art. 28, CAPUT",2025-12-30,2029-07-11,"US$ 11.173.442,41","US$ 11.173.442,41","US$ 0,00",Ativo,,Well Construction,USD,11173442.41
MINISTÉRIO DE MINAS E ENERGIA,PETROBRAS,910816 - Petróleo Brasileiro S.A.,4600687238,5900.0133339.26.2,7004531818.0,INEXIGIBIL,HALLIBURTON PRODUTOS LTDA.,16328932000106,"SERVIÇOS DE ASSISTÊNCIA TÉCNICA PARA MANUTENÇÃO, TESTES E INSTALAÇÃO/RETIRADA DE VÁLVULA DE SEGURANÇA DE SUBSUPERFÍCIE (DHSV)","Inexigibilidade, Lei 13.303, Art.30, CAPUT - Inviabilidade de competição",2026-01-23,2027-12-13,"R$ 19.541.672,10","R$ 19.541.672,10","R$ 0,00",Ativo,,DHSV / Safety Valve,BRL,19541672.1
