comentarios_de_geometria,modificacion_planos_base,alta_planos_base,participacion_en_consorcio,codigo_de_sesco,empresa_informante,nombre_de_area,empresa_operadora_sesco,tejas_match,tejas_found_in
"La geometría del área debe coinsiderarse provisoria, dado que la empresa operadora actual aún no ha informado los datos",2023-01-31T15:49:27,2012-01-26T15:12:12,<br> ALIANZA PETROLERA ARGENTINA S.A.: 100 %,ELM,TECPETROL S.A.,ESTANCIA LA MARIPOSA,ALIANZA PETROLERA ARGENTINA S.A.,False,
,2026-01-09T16:46:59,2012-01-26T14:35:43,<br> TECPETROL S.A.: 100 %,BAS,TECPETROL S.A.,LOS BASTOS,TECPETROL S.A.,False,
,2026-01-09T16:46:59,2012-01-26T14:31:58,<br> TECPETROL S.A.: 100 %,FOR,TECPETROL S.A.,FORTIN DE PIEDRA ,TECPETROL S.A.,False,
,2026-01-09T16:46:59,2012-01-26T14:39:54,<br> COMPAÑÍA GENERAL DE COMBUSTIBLES S.A.: 5 %<br> PAMPA ENERGIA S.A.: 15 %<br> LEDESMA S.A.A.I.: 4 %<br> TECPETROL S.A.: 23 %<br> YPF S.A.: 53 %,ANT,TECPETROL S.A.,SAN ANTONIO SUR,TECPETROL S.A.,False,
,2026-01-09T16:46:59,2012-01-26T14:39:54,<br> COMPAÑÍA GENERAL DE COMBUSTIBLES S.A.: 5 %<br> YPF S.A.: 53 %<br> TECPETROL S.A.: 23 %<br> PAMPA ENERGIA S.A.: 15 %<br> LEDESMA S.A.A.I.: 4 %,AGU,TECPETROL S.A.,AGUARAGÜE,TECPETROL S.A.,False,
,2026-01-09T16:46:59,2012-01-26T14:20:00,<br> YPF S.A.: 30.00 %<br> TECPETROL S.A.: 70.00 %,SAL,TECPETROL S.A.,AGUA SALADA,TECPETROL S.A.,False,
,2015-09-18T15:16:24,2012-01-31T10:38:19,<br> PETROFARO S.A.: 100 %,FAR,PETROFARO S.A.,FARO VIRGENES,PETROFARO S.A.,False,
"La geometría del área debe coinsiderarse provisoria, dado que la empresa operadora actual aún no ha informado los datos",2018-01-24T14:43:45,2012-01-31T15:35:43,<br> Petrolera Aconcagua Energia S.A.: 50 %<br> CROWN POINT ENERGIA S.A.: 50 %,CHA,CHAÑARES ENERGIA S.A.,CHAÑARES HERRADOS,Petrolera Aconcagua Energia S.A.,False,
,2024-05-30T11:57:54,2012-05-15T14:52:54,<br> OILSTONE ENERGIA S.A.: 100 %,CBA,OILSTONE ENERGIA S.A.,CERRO BANDERA,OILSTONE ENERGIA S.A.,False,
,2026-01-15T09:29:50,2012-08-03T11:25:29,<br> PAN AMERICAN ENERGY SL: 25.00 %<br> COLHUE HUAPI S.A.: 75.00 %,ECH,COLHUE HUAPI S.A.,ESTANCIA LA ESCONDIDA,COLHUE HUAPI S.A.,False,
,2022-10-11T16:54:44,2012-12-21T11:45:52,<br> PETROQUIMICA COMODORO RIVADAVIA S.A.: 100 %,ESO,PETROQUIMICA COMODORO RIVADAVIA S.A.,EL SOSNEADO,PETROQUIMICA COMODORO RIVADAVIA S.A.,False,
"La geometría del área debe coinsiderarse provisoria, dado que la empresa operadora actual aún no ha informado los datos",2024-01-30T12:37:57,2012-12-21T15:38:13,<br> PETROLERA EL TREBOL S.A.: 100 %,ATA,PETROLERA EL TREBOL S.A.,ATAMISQUI,PETROLEOS SUDAMERICANOS S.A.,False,
,2024-01-30T12:37:57,2012-12-21T15:38:13,<br> PETROLERA EL TREBOL S.A.: 100 %,TUP,PETROLERA EL TREBOL S.A.,REFUGIO TUPUNGATO,PETROLERA EL TREBOL S.A.,False,
,2022-10-11T16:54:44,2012-12-28T10:39:22,<br> PAMPETROL S.A.P.E.M: 20 %<br> PETROQUIMICA COMODORO RIVADAVIA S.A.: 80 %,NIT,PETROQUIMICA COMODORO RIVADAVIA S.A.,MEDANITO,PETROQUIMICA COMODORO RIVADAVIA S.A.,False,
,2018-01-24T14:51:53,2016-01-19T15:16:03,<br> MEDANITO S.A.: 100 %,MED,MEDANITO S.A.,MEDIANERA,MEDANITO S.A.,False,
,2018-02-01T12:26:17,2013-01-17T16:15:41,<br> CHEVRON ARGENTINA S.R.L.: 100 %,HUA,CHEVRON ARGENTINA S.R.L.,EL TRAPIAL - CURAMCHED,CHEVRON ARGENTINA S.R.L.,False,
"La geometría del área debe coinsiderarse provisoria, dado que la empresa operadora actual aún no ha informado los datos",2024-12-27T17:28:29,2013-01-28T16:58:48,<br> CGC ENERGIA SAU: 30 %<br> PETROLEOS SUDAMERICANOS S.A.: 70 %,TUN,YPF S.A.,RIO TUNUYAN,PETROLEOS SUDAMERICANOS S.A.,False,
"La geometría del área debe coinsiderarse provisoria, dado que la empresa operadora actual aún no ha informado los datos",2024-12-27T17:28:29,2013-01-28T16:58:48,<br> PETROLEOS SUDAMERICANOS S.A.: 100 %,BAR,YPF S.A.,BARRANCAS,PETROLEOS SUDAMERICANOS S.A.,False,
"La geometría del área debe coinsiderarse provisoria, dado que la empresa operadora actual aún no ha informado los datos",2024-12-27T17:28:29,2013-01-28T16:58:48,<br> PETROLEOS SUDAMERICANOS S.A.: 100 %,CEF,YPF S.A.,CEFERINO,PETROLEOS SUDAMERICANOS S.A.,False,
"La geometría del área debe coinsiderarse provisoria, dado que la empresa operadora actual aún no ha informado los datos",2024-12-27T17:28:29,2013-01-28T16:58:48,<br> PETROLEOS SUDAMERICANOS S.A.: 100 %,VIZ,YPF S.A.,VIZCACHERAS,PETROLEOS SUDAMERICANOS S.A.,False,
"La geometría del área debe coinsiderarse provisoria, dado que la empresa operadora actual aún no ha informado los datos",2024-12-27T17:28:29,2013-01-28T16:58:48,<br> PETROLEOS SUDAMERICANOS S.A.: 100 %,LAV,YPF S.A.,LA VENTANA,PETROLEOS SUDAMERICANOS S.A.,False,
"La geometría del área debe coinsiderarse provisoria, dado que la empresa operadora actual aún no ha informado los datos",2025-12-15T16:27:27,2013-01-28T16:58:48,<br> Clear Petroleum S.A.: 100 %,ESC,YPF S.A.,CAÑADON DE LA ESCONDIDA - LAS HERAS,Clear Petroleum S.A.,False,
"La geometría del área debe coinsiderarse provisoria, dado que la empresa operadora actual aún no ha informado los datos",2025-12-15T16:27:27,2013-01-28T16:58:48,<br> PATAGONIA RESOURCES S.A. : 100 %,BYK,YPF S.A.,BARRANCA YANKOWSKY,PATAGONIA RESOURCES S.A. ,False,
"La geometría del área debe coinsiderarse provisoria, dado que la empresa operadora actual aún no ha informado los datos",2025-12-15T16:27:27,2013-01-28T16:58:48,<br> YPF S.A.: 100 %,CLM,YPF S.A.,CAÑADON LEON - MESETA ESPINOSA,QUINTANA E&P ARGENTINA S.R.L.,False,
"La geometría del área debe coinsiderarse provisoria, dado que la empresa operadora actual aún no ha informado los datos",2025-12-15T16:27:27,2013-01-28T16:58:48,<br> PATAGONIA RESOURCES S.A. : 100 %,PER,YPF S.A.,LOS PERALES - LAS MESETAS,PATAGONIA RESOURCES S.A. ,False,
,,2015-03-09T15:45:43,<br> PETRO AP S.A.: 80 %<br> RECURSOS Y ENERGIA FORMOSA SOCIEDAD ANONIMA: 20 %,SMA,PETRO AP S.A.,SELVA MARIA,PETRO AP S.A.,False,
"La geometría del área debe coinsiderarse provisoria, dado que la empresa operadora actual aún no ha informado los datos",2025-12-15T16:27:27,2013-01-28T16:58:48,<br> ROCH PROYECTOS SAU: 100 %,CUY,YPF S.A.,EL GUADAL - LOMAS DEL CUY,ROCH S.A.,False,
"La geometría del área debe coinsiderarse provisoria, dado que la empresa operadora actual aún no ha informado los datos",2024-12-27T17:28:29,2013-01-28T16:58:48,<br> PECOM SERVICIOS ENERGIA SAU: 50 %<br> ENAP SIPETROL ARGENTINA S.A.: 50 %,CCC,YPF S.A.,CAMPAMENTO CENTRAL - CAÑADON PERDIDO,PECOM SERVICIOS ENERGIA SAU,False,
"La geometría del área debe coinsiderarse provisoria, dado que la empresa operadora actual aún no ha informado los datos",2025-12-15T16:27:27,2013-01-28T16:58:48,<br> ROCH PROYECTOS SAU: 100 %,CPG,YPF S.A.,CERRO PIEDRA - CERRO GUADAL NORTE,ROCH S.A.,False,
"La geometría del área debe coinsiderarse provisoria, dado que la empresa operadora actual aún no ha informado los datos",2025-12-15T16:27:27,2013-01-28T16:58:48,<br> PATAGONIA RESOURCES S.A. : 100 %,MON,YPF S.A.,LOS MONOS,PATAGONIA RESOURCES S.A. ,False,
"La geometría del área debe coinsiderarse provisoria, dado que la empresa operadora actual aún no ha informado los datos",2023-12-27T10:27:37,2013-01-28T16:58:48,<br> PECOM SERVICIOS ENERGIA SAU: 100 %,SCA,YPF S.A.,ESCALANTE - EL TREBOL,PECOM SERVICIOS ENERGIA SAU,False,
,2025-12-15T16:27:27,2013-01-28T16:58:48,<br> YPF S.A.: 100 %,ALI,YPF S.A.,RESTINGA ALI,YPF S.A.,False,
"La geometría del área debe coinsiderarse provisoria, dado que la empresa operadora actual aún no ha informado los datos",2025-12-15T16:27:27,2013-01-28T16:58:48,<br> BREST S.A. DE SERVICIOS PETROLEROS: 100 %,PTC,YPF S.A.,PICO TRUNCADO - EL CORDON,BREST S.A. DE SERVICIOS PETROLEROS,False,
"La geometría del área debe coinsiderarse provisoria, dado que la empresa operadora actual aún no ha informado los datos",2025-12-15T16:27:27,2013-01-28T16:58:48,<br> ROCH PROYECTOS SAU: 100 %,YAT,YPF S.A.,CAÑADON YATEL,ROCH S.A.,False,
"La geometría del área debe coinsiderarse provisoria, dado que la empresa operadora actual aún no ha informado los datos",2025-12-15T16:27:27,2013-01-28T16:58:48,<br> AZRUGE S.A.: 100 %,CVA,YPF S.A.,CAÑADON VASCO,AZRUGE S.A.,False,
,2025-12-15T16:27:27,2013-01-28T16:58:48,<br> YPF S.A.: 100 %,BEH,YPF S.A.,MANANTIALES BEHR,YPF S.A.,False,
"La geometría del área debe coinsiderarse provisoria, dado que la empresa operadora actual aún no ha informado los datos",2024-12-27T17:28:29,2013-01-28T16:58:48,<br> INGENIERIA SIMA S.A.: 30 %<br> BENTIA ENERGY S.A.: 70 %,CBY,YPF S.A.,SEÑAL CERRO BAYO,BENTIA ENERGY S.A.,False,
,2024-12-27T17:28:29,2013-01-28T16:58:48,<br> COMPAÑIA DE DESARROLLO NO CONVENCIONAL S.R.L.: 7 %<br> YPF S.A.: 93 %,CSN,YPF S.A.,CHIHUIDO DE LA SIERRA NEGRA,YPF S.A.,False,
"La geometría del área debe coinsiderarse provisoria, dado que la empresa operadora actual aún no ha informado los datos",2024-12-27T17:28:29,2013-01-28T16:58:48,<br> BENTIA ENERGY S.A.: 100 %,OCT,YPF S.A.,OCTOGONO,BENTIA ENERGY S.A.,False,
"La geometría del área debe coinsiderarse provisoria, dado que la empresa operadora actual aún no ha informado los datos",2024-12-27T17:28:29,2013-01-28T16:58:48,<br> BENTIA ENERGY S.A.: 70 %<br> INGENIERIA SIMA S.A.: 30 %,DRU,YPF S.A.,DON RUIZ,BENTIA ENERGY S.A.,False,
,2025-12-15T16:27:27,2013-01-28T16:58:48,<br> YPF S.A.: 100 %,SPR,YPF S.A.,SEÑAL PICADA - PUNTA BARDA,YPF S.A.,False,
,2025-12-15T16:27:27,2013-01-28T16:58:48,<br> YPF S.A.: 100 %,PBN,YPF S.A.,PASO DE LAS BARDAS NORTE,YPF S.A.,False,
"La geometría del área debe coinsiderarse provisoria, dado que la empresa operadora actual aún no ha informado los datos",2024-12-27T17:28:29,2013-01-28T16:58:48,<br> QUINTANA E&P ARGENTINA S.R.L.: 10 %<br> COMPAÑIA TSB S.A: 10 %<br> QUINTANA ENERGY INVESTMENTS S.A.: 79 %<br> GAS STORAGE AND MIDSTREAM SERVICES S.A.: 1 %,CAM,YPF S.A.,CAÑADON AMARILLO,QUINTANA E&P ARGENTINA S.R.L.,False,
"La geometría del área debe coinsiderarse provisoria, dado que la empresa operadora actual aún no ha informado los datos",2024-12-27T17:28:29,2013-01-28T16:58:48,<br> BENTIA ENERGY S.A.: 70 %<br> INGENIERIA SIMA S.A.: 30 %,LSMA,YPF S.A.,LAS MANADAS,BENTIA ENERGY S.A.,False,
"La geometría del área debe coinsiderarse provisoria, dado que la empresa operadora actual aún no ha informado los datos",2022-01-12T11:59:54,2013-01-28T16:58:48,<br> E.M.E.S.A: 100 %,LDM,YPF S.A.,LOMA DE LA MINA,E.M.E.S.A,False,
"La geometría del área debe coinsiderarse provisoria, dado que la empresa operadora actual aún no ha informado los datos",2024-12-27T17:28:29,2013-01-28T16:58:48,<br> BENTIA ENERGY S.A.: 70 %<br> INGENIERIA SIMA S.A.: 30 %,VOL,YPF S.A.,VOLCAN AUCA MAHUIDA,BENTIA ENERGY S.A.,False,
,2025-12-15T16:27:27,2013-01-28T16:58:48,<br> YPF S.A.: 50 %<br> COMPAÑIA DE HIDROCARBURO NO CONVENCIONAL S.R.L.: 50 %,LCAM,YPF S.A.,LOMA CAMPANA,YPF S.A.,False,
,2025-12-15T16:27:27,2013-01-28T16:58:48,<br> YPF S.A.: 100 %,FIM,YPF S.A.,FILO MORADO,YPF S.A.,False,
,2025-12-12T18:23:33,2013-01-28T16:58:48,<br> YPF S.A.: 100 %,LDL,YPF S.A.,LOMA LA LATA - SIERRA BARROSA,YPF S.A.,False,
,2026-01-13T14:10:52,2013-04-29T12:56:34,<br> SAN JORGE PETROLEUM S.A.: 100 %,FDLL,SAN JORGE PETROLEUM S.A.,FONDO DE LA LEGUA,SAN JORGE PETROLEUM S.A.,False,
"La geometría del área debe coinsiderarse provisoria, dado que la empresa operadora actual aún no ha informado los datos",2024-12-27T17:28:29,2013-01-28T16:58:48,<br> COMPAÑIA TSB S.A: 10 %<br> QUINTANA E&P ARGENTINA S.R.L.: 10 %<br> QUINTANA ENERGY INVESTMENTS S.A.: 79 %<br> GAS STORAGE AND MIDSTREAM SERVICES S.A.: 1 %,CSS,YPF S.A.,CHIHUIDO DE LA SALINA SUR,QUINTANA E&P ARGENTINA S.R.L.,False,
,2025-12-15T16:27:27,2013-01-28T16:58:48,<br> YPF S.A.: 100 %,LOCA,YPF S.A.,LOS CALDENES,YPF S.A.,False,
,2025-12-15T16:27:27,2013-01-28T16:58:48,<br> YPF S.A.: 50 %<br> PAMPA ENERGIA S.A.: 50 %,RDM,YPF S.A.,RINCON DEL MANGRULLO,YPF S.A.,False,
,2025-12-15T16:27:27,2013-01-28T16:58:48,<br> YPF S.A.: 100 %,VRG,YPF S.A.,VALLE DEL RIO GRANDE,YPF S.A.,False,
"La geometría del área debe coinsiderarse provisoria, dado que la empresa operadora actual aún no ha informado los datos",2024-12-27T17:28:29,2013-01-28T16:58:48,<br> GAS STORAGE AND MIDSTREAM SERVICES S.A.: 1 %<br> QUINTANA ENERGY INVESTMENTS S.A.: 79 %<br> QUINTANA E&P ARGENTINA S.R.L.: 10 %<br> COMPAÑIA TSB S.A: 10 %,CHS,YPF S.A.,CHIHUIDO DE LA SALINA,QUINTANA E&P ARGENTINA S.R.L.,False,
,2025-12-15T16:27:27,2013-01-28T16:58:48,<br> YPF S.A.: 100 %,CFO,YPF S.A.,CERRO FORTUNOSO,YPF S.A.,False,
,2025-12-15T16:27:27,2013-01-28T16:58:48,<br> CGC ENERGIA SAU: 10 %<br> YPF S.A.: 60 %<br> PETROLERA EL TREBOL S.A.: 15 %<br> DESARROLLOS PETROLEROS y GANADEROS S.A.: 15 %,CCSO,YPF S.A.,CAJON DE LOS CABALLOS (SECTOR ORIENTAL),YPF S.A.,False,
"La geometría del área debe coinsiderarse provisoria, dado que la empresa operadora actual aún no ha informado los datos",2024-12-27T17:28:29,2013-01-28T16:58:48,<br> QUINTANA ENERGY INVESTMENTS S.A.: 79 %<br> GAS STORAGE AND MIDSTREAM SERVICES S.A.: 1 %<br> COMPAÑIA TSB S.A: 10 %<br> QUINTANA E&P ARGENTINA S.R.L.: 10 %,ADP,YPF S.A.,ALTIPLANICIE DEL PAYUN,QUINTANA E&P ARGENTINA S.R.L.,False,
"La geometría del área debe coinsiderarse provisoria, dado que la empresa operadora actual aún no ha informado los datos",2022-01-13T12:16:32,2013-01-30T13:35:21,<br> Petrolera Aconcagua Energia S.A.: 85.58 %<br> YPF S.A.: 14.42 %,CON,SAN JORGE PETROLEUM S.A.,CONFLUENCIA SUR,Petrolera Aconcagua Energia S.A.,False,
,2015-10-21T10:54:12,2013-04-10T17:15:54,<br> PETROLERA DEL COMAHUE S.A.: 90.00 %<br> EDHIPSA: 10.00 %,Z042,PETROLERA DEL COMAHUE S.A.,DON JOSE,PETROLERA DEL COMAHUE S.A.,False,
,2015-10-21T10:54:12,2013-04-10T17:15:54,<br> EDHIPSA: 10.00 %<br> PETROLERA DEL COMAHUE S.A.: 90.00 %,Z047,PETROLERA DEL COMAHUE S.A.,FLOR DE ROCA,PETROLERA DEL COMAHUE S.A.,False,
,2015-10-21T10:54:12,2013-04-10T17:15:54,<br> EDHIPSA: 10.00 %<br> PETROLERA DEL COMAHUE S.A.: 90.00 %,BLLO,PETROLERA DEL COMAHUE S.A.,PUESTO SURVELIN,PETROLERA DEL COMAHUE S.A.,False,
,2015-03-03T14:40:36,2013-06-03T14:43:17,<br> PETROLEOS SUDAMERICANOS S.A.: 70.00 %<br> JCR S.A.: 30.00 %,LMO,PETROLEOS SUDAMERICANOS S.A.,LOMA MONTOSA OESTE,PETROLEOS SUDAMERICANOS S.A.,False,
"La geometría del área debe coinsiderarse provisoria, dado que la empresa operadora actual aún no ha informado los datos",2023-01-18T17:10:51,2013-06-03T16:35:56,<br> YPF S.A.: 50 %<br> ENAP SIPETROL ARGENTINA S.A.: 50 %,Z063,ENAP SIPETROL ARGENTINA S.A.,POSEIDON,PETROLERA SANTA MARIA SAU,False,
"La geometría del área debe coinsiderarse provisoria, dado que la empresa operadora actual aún no ha informado los datos",2023-01-18T17:10:51,2013-06-03T16:35:56,<br> PETROLERA SANTA MARIA SAU: 50 %<br> YPF S.A.: 50 %,MAG,ENAP SIPETROL ARGENTINA S.A.,MAGALLANES,PETROLERA SANTA MARIA SAU,False,
,2015-03-04T19:41:21,2013-06-05T22:48:44,<br> PETROLEOS SUDAMERICANOS S.A.: 70.00 %<br> JCR S.A.: 30.00 %,CEE,PETROLEOS SUDAMERICANOS S.A.,CENTRO ESTE,PETROLEOS SUDAMERICANOS S.A.,False,
,2021-02-02T10:12:49,2013-06-17T12:04:21,<br> COMPAÑÍAS ASOCIADAS PETROLERAS S.A.: 100 %,SOLN,COMPAÑÍAS ASOCIADAS PETROLERAS S.A.,SOLANO,COMPAÑÍAS ASOCIADAS PETROLERAS S.A.,False,
,2021-02-02T10:12:49,2013-06-17T12:04:21,<br> COMPAÑÍAS ASOCIADAS PETROLERAS S.A.: 100 %,GEM,COMPAÑÍAS ASOCIADAS PETROLERAS S.A.,GEMELOS,COMPAÑÍAS ASOCIADAS PETROLERAS S.A.,False,
,2021-02-02T10:12:49,2013-06-17T12:04:21,<br> COMPAÑÍAS ASOCIADAS PETROLERAS S.A.: 100 %,SIND,COMPAÑÍAS ASOCIADAS PETROLERAS S.A.,SINDICATO,COMPAÑÍAS ASOCIADAS PETROLERAS S.A.,False,
,2021-02-02T10:12:49,2013-06-17T12:04:21,<br> COMPAÑÍAS ASOCIADAS PETROLERAS S.A.: 100 %,DIA,COMPAÑÍAS ASOCIADAS PETROLERAS S.A.,DIADEMA,COMPAÑÍAS ASOCIADAS PETROLERAS S.A.,False,
,2022-03-28T16:26:54,2013-06-17T12:07:26,<br> CAPEX S.A.: 100 %,CAO,CAPEX S.A.,AGUA DEL CAJON,CAPEX S.A.,False,
"La geometría del área debe coinsiderarse provisoria, dado que la empresa operadora actual aún no ha informado los datos",2015-07-20T16:17:39,2013-06-28T16:52:21,<br> ENERGIA COMPAÑIA PETROLERA S.A.: 100 %,ELS,CENTRAL INTERNATIONAL CORPORATION (SUCURSAL ARGENTINA),EL SAUCE,ENERGIA COMPAÑIA PETROLERA S.A.,False,
,2022-12-15T14:59:14,2013-10-04T14:34:41,<br> FOMICRUZ S.E.: 100 %,AAB,QUINTANA E&P ARGENTINA S.R.L.,ANTICLINAL AGUADA BANDERA,QUINTANA E&P ARGENTINA S.R.L.,False,
"La geometría del área debe coinsiderarse provisoria, dado que la empresa operadora actual aún no ha informado los datos",2015-08-18T12:16:36,2013-10-22T10:00:49,<br> PAMPETROL S.A.P.E.M: 100 %,SGRI,ENERGIAL S.A.,SALINA GRANDE I,PAMPETROL S.A.P.E.M,False,
,2025-12-15T16:27:27,2014-01-23T16:55:53,<br> KILWER S.A.: 10 %<br> YPF S.A.: 70 %<br> KETSAL S.A.: 10 %<br> ENERGIA MENDOCINA S.A.: 10 %,CHAS,YPF S.A.,CHACHAHUEN SUR,YPF S.A.,False,
,2026-02-27T11:11:44,2015-07-27T15:15:48,<br> FOMICRUZ S.E.: 13.0 %<br> COMPAÑÍA GENERAL DE COMBUSTIBLES S.A.: 87.00 %,ECHI,COMPAÑÍA GENERAL DE COMBUSTIBLES S.A.,ESTANCIA CHIRIPA,COMPAÑÍA GENERAL DE COMBUSTIBLES S.A.,False,
"La geometría del área debe coinsiderarse provisoria, dado que la empresa operadora actual aún no ha informado los datos",2024-12-27T17:28:29,2014-01-23T16:55:53,<br> YPF S.A.: 100 %,MAN,YPF S.A.,EL MANZANO ESTE,VENOIL S.A.,False,
"La geometría del área debe coinsiderarse provisoria, dado que la empresa operadora actual aún no ha informado los datos",2018-01-23T16:46:08,2014-03-25T12:28:23,<br> PAMPETROL S.A.P.E.M: 100 %,MEDS,AMERICAS PETROGAS ARGENTINA S.A.,MEDANITO SUR,PAMPETROL S.A.P.E.M,False,
,2026-02-25T09:46:31,2014-07-17T12:28:06,"<br> DESARROLLOS PETROLEROS y GANADEROS S.A.: 75 %<br> SINOPEC ARGENTINA EXPLORATION AND PRODUCTION, INC.: 25 %",CAJ,ROCH S.A.,CAJON DE LOS CABALLOS,ROCH S.A.,False,
,2026-02-25T09:46:31,2014-07-17T12:28:06,<br> SECRA S.A.: 5.39 %<br> CROWN POINT ENERGIA S.A.: 48.33 %<br> DESARROLLOS PETROLEROS y GANADEROS S.A.: 18.95 %<br> ROCH S.A.: 27.33 %,RIO,ROCH S.A.,RIO CULLEN,ROCH S.A.,False,
,2026-02-25T09:46:31,2014-07-17T12:28:06,<br> SECRA S.A.: 5.39 %<br> CROWN POINT ENERGIA S.A.: 48.33 %<br> DESARROLLOS PETROLEROS y GANADEROS S.A.: 18.95 %<br> ROCH S.A.: 27.33 %,AGO,ROCH S.A.,ANGOSTURA (CA-14),ROCH S.A.,False,
"La geometría del área debe coinsiderarse provisoria, dado que la empresa operadora actual aún no ha informado los datos",2020-01-28T22:08:09,2014-07-17T12:28:06,<br> ECO ENERGY TA OP LTD. (SUCURSAL DE EXTRANJERA): 25 %<br> IOG RESOURCES S.A. : 21.66 %<br> INTEROIL ARGENTINA S A: 8.34 %<br> ECO ENERGY CDL OP LTD. (SUCURSAL DE EXTRANJERA): 45 %,BRE,ROCH S.A.,CAMPO BREMEN,INTEROIL ARGENTINA S A,False,
"La geometría del área debe coinsiderarse provisoria, dado que la empresa operadora actual aún no ha informado los datos",2020-01-28T22:08:09,2014-07-17T12:28:06,<br> ECO ENERGY TA OP LTD. (SUCURSAL DE EXTRANJERA): 25 %<br> IOG RESOURCES S.A. : 21.66 %<br> INTEROIL ARGENTINA S A: 8.34 %<br> ECO ENERGY CDL OP LTD. (SUCURSAL DE EXTRANJERA): 45 %,OCE,ROCH S.A.,OCEANO,INTEROIL ARGENTINA S A,False,
,2026-02-25T09:46:31,2014-07-17T12:28:06,<br> SECRA S.A.: 5.39 %<br> CROWN POINT ENERGIA S.A.: 48.33 %<br> DESARROLLOS PETROLEROS y GANADEROS S.A.: 18.95 %<br> ROCH S.A.: 27.33 %,VIO,ROCH S.A.,LAS VIOLETAS,ROCH S.A.,False,
,2016-01-28T13:34:55,2014-07-17T12:28:06,<br> ROCH S.A.: 30 %<br> GLACCO COMPAÑÍA PETROLERA S.A.: 70 %,CAR,ROCH S.A.,LA CARMEN,ROCH S.A.,False,
,2016-01-28T13:34:55,2014-07-17T12:28:06,<br> GLACCO COMPAÑÍA PETROLERA S.A.: 70 %<br> ROCH S.A.: 30 %,TEH,ROCH S.A.,LA TEHUELCHE,ROCH S.A.,False,
"La geometría del área debe coinsiderarse provisoria, dado que la empresa operadora actual aún no ha informado los datos",,2015-03-09T15:45:43,<br> JUJUY HIDROCARBUROS SAU: 100 %,CAI,PETRO AP S.A.,CAIMANCITO,JUJUY HIDROCARBUROS SAU,False,
"La geometría del área debe coinsiderarse provisoria, dado que la empresa operadora actual aún no ha informado los datos",2020-01-28T22:08:09,2014-07-17T12:28:06,<br> ECO ENERGY TA OP LTD. (SUCURSAL DE EXTRANJERA): 25 %<br> INTEROIL ARGENTINA S A: 8.34 %<br> IOG RESOURCES S.A. : 21.66 %<br> ECO ENERGY CDL OP LTD. (SUCURSAL DE EXTRANJERA): 45 %,CHO,ROCH S.A.,CHORRILLOS,INTEROIL ARGENTINA S A,False,
"La geometría del área debe coinsiderarse provisoria, dado que la empresa operadora actual aún no ha informado los datos",2020-01-28T22:08:09,2014-07-17T12:28:06,<br> ECO ENERGY TA OP LTD. (SUCURSAL DE EXTRANJERA): 25 %<br> ECO ENERGY CDL OP LTD. (SUCURSAL DE EXTRANJERA): 45 %<br> INTEROIL ARGENTINA S A: 8.34 %<br> IOG RESOURCES S.A. : 21.66 %,MOY,ROCH S.A.,MOY AIKE,INTEROIL ARGENTINA S A,False,
"La geometría del área debe coinsiderarse provisoria, dado que la empresa operadora actual aún no ha informado los datos",2020-01-28T22:08:09,2014-07-17T12:28:06,<br> ECO ENERGY TA OP LTD. (SUCURSAL DE EXTRANJERA): 25 %<br> IOG RESOURCES S.A. : 21.66 %<br> INTEROIL ARGENTINA S A: 8.34 %<br> ECO ENERGY CDL OP LTD. (SUCURSAL DE EXTRANJERA): 45 %,PAL,ROCH S.A.,PALERMO AIKE,INTEROIL ARGENTINA S A,False,
,2018-04-15T23:17:26,2014-10-02T23:55:03,<br> LAGO VIEDMA UTE: 100 %,VER,COPESA CIA CONSTRUCTORA PETROLERA SA,PAMPA VERDUN,COPESA CIA CONSTRUCTORA PETROLERA SA,False,
,2018-04-15T23:17:26,2014-10-02T23:55:03,<br> COPESA CIA CONSTRUCTORA PETROLERA SA: 90 %<br> FOMICRUZ S.E.: 10 %,SDC,COPESA CIA CONSTRUCTORA PETROLERA SA,SIERRA DEL CARRIL,COPESA CIA CONSTRUCTORA PETROLERA SA,False,
,2020-01-31T12:06:17,2014-11-05T10:32:24,<br> RIO DE LA PLATA S.R.L.: 32.75 %<br> INGENIERIA ALPA S.A.: 32.75 %<br> Conipa S.A.C.I.C.F.y M.: 34.50 %,VAL,INGENIERIA ALPA S.A.,EL VALLE,INGENIERIA ALPA S.A.,False,
,2015-09-14T16:00:45,2014-11-19T12:58:30,<br> PETROLERA PIEDRA DEL AGUILA S.A.: 100 %,LOLE,PETROLERA PIEDRA DEL AGUILA S.A.,LOS LEONES,PETROLERA PIEDRA DEL AGUILA S.A.,False,
,2015-09-14T16:00:45,2014-11-19T12:58:46,<br> PETROLERA PIEDRA DEL AGUILA S.A.: 100 %,Z149,PETROLERA PIEDRA DEL AGUILA S.A.,UMBRAL,PETROLERA PIEDRA DEL AGUILA S.A.,False,
,2025-12-15T16:27:27,2015-01-22T17:44:15,<br> PBBPolisur S.A.: 50 %<br> YPF S.A.: 50 %,ELOR,YPF S.A.,EL OREJANO,YPF S.A.,False,
,2025-12-15T16:27:27,2015-01-22T17:44:15,<br> YPF S.A.: 100 %,PHE,YPF S.A.,PUESTO HERNANDEZ,YPF S.A.,False,
,2025-12-15T16:27:27,2015-01-24T11:27:40,<br> petronas e&p argentina s.a.: 50 %<br> YPF S.A.: 50 %,LAC,YPF S.A.,LA AMARGA CHICA,YPF S.A.,False,
,2025-01-30T17:42:23,2015-01-27T23:49:58,<br> PRESIDENT PETROLEUM S.A.: 100 %,PGU,PRESIDENT PETROLEUM S.A.,PUESTO GUARDIAN,PRESIDENT PETROLEUM S.A.,False,
,,2015-03-09T15:45:43,<br> RECURSOS Y ENERGIA FORMOSA SOCIEDAD ANONIMA: 51 %<br> PETRO AP S.A.: 49 %,X599,PETRO AP S.A.,YACIMIENTO NORTE 3 FRACCION A,PETRO AP S.A.,False,
"La geometría del área debe coinsiderarse provisoria, dado que la empresa operadora actual aún no ha informado los datos",2014-02-11T13:45:12,2013-04-16T11:35:23,<br> PETROMINERA CHUBUT S.E.: 100 %,PSA,,PICO SALAMANCA,PETROMINERA CHUBUT S.E.,False,
"La geometría del área debe coinsiderarse provisoria, dado que la empresa operadora actual aún no ha informado los datos",2014-02-11T13:45:12,2013-04-16T11:35:23,<br> PETROMINERA CHUBUT S.E.: 100 %,PIL,,CAÑADON PILAR,PETROMINERA CHUBUT S.E.,False,
,2026-02-27T11:11:44,2015-07-27T15:15:48,<br> COMPAÑÍA GENERAL DE COMBUSTIBLES S.A.: 100 %,SCIA,COMPAÑÍA GENERAL DE COMBUSTIBLES S.A.,SANTA CRUZ I - FRACCION A,COMPAÑÍA GENERAL DE COMBUSTIBLES S.A.,False,
,2026-02-27T11:11:44,2015-07-27T15:15:48,<br> COMPAÑÍA GENERAL DE COMBUSTIBLES S.A.: 100 %,BFO,COMPAÑÍA GENERAL DE COMBUSTIBLES S.A.,BAJADA FORTALEZA,COMPAÑÍA GENERAL DE COMBUSTIBLES S.A.,False,
,2026-02-27T11:11:44,2015-07-27T15:15:48,<br> COMPAÑÍA GENERAL DE COMBUSTIBLES S.A.: 100 %,AKE,COMPAÑÍA GENERAL DE COMBUSTIBLES S.A.,AN-AIKE,COMPAÑÍA GENERAL DE COMBUSTIBLES S.A.,False,
,2026-02-27T11:11:44,2015-07-27T15:15:48,<br> COMPAÑÍA GENERAL DE COMBUSTIBLES S.A.: 100 %,MIO,COMPAÑÍA GENERAL DE COMBUSTIBLES S.A.,MARIA INES OESTE,COMPAÑÍA GENERAL DE COMBUSTIBLES S.A.,False,
,2026-02-27T11:11:44,2015-07-27T15:15:48,<br> COMPAÑÍA GENERAL DE COMBUSTIBLES S.A.: 100 %,SCIB,COMPAÑÍA GENERAL DE COMBUSTIBLES S.A.,SANTA CRUZ I - FRACCION B,COMPAÑÍA GENERAL DE COMBUSTIBLES S.A.,False,
,2026-02-27T11:11:44,2015-07-27T15:15:48,<br> COMPAÑÍA GENERAL DE COMBUSTIBLES S.A.: 100 %,PAZ,COMPAÑÍA GENERAL DE COMBUSTIBLES S.A.,LA PAZ,COMPAÑÍA GENERAL DE COMBUSTIBLES S.A.,False,
,2026-02-27T11:11:44,2015-07-27T15:15:48,<br> COMPAÑÍA GENERAL DE COMBUSTIBLES S.A.: 100 %,BLV,COMPAÑÍA GENERAL DE COMBUSTIBLES S.A.,BARDA LAS VEGAS,COMPAÑÍA GENERAL DE COMBUSTIBLES S.A.,False,
,2026-02-27T11:11:44,2015-07-27T15:15:48,<br> COMPAÑÍA GENERAL DE COMBUSTIBLES S.A.: 100 %,PPT,COMPAÑÍA GENERAL DE COMBUSTIBLES S.A.,PUESTO PETER,COMPAÑÍA GENERAL DE COMBUSTIBLES S.A.,False,
,2026-02-27T11:11:44,2015-07-27T15:15:48,<br> FOMICRUZ S.E.: 13.00 %<br> COMPAÑÍA GENERAL DE COMBUSTIBLES S.A.: 87.00 %,GLEN,COMPAÑÍA GENERAL DE COMBUSTIBLES S.A.,GLENCROSS,COMPAÑÍA GENERAL DE COMBUSTIBLES S.A.,False,
,2026-02-27T11:11:44,2015-07-27T15:15:48,<br> COMPAÑÍA GENERAL DE COMBUSTIBLES S.A.: 100 %,INE,COMPAÑÍA GENERAL DE COMBUSTIBLES S.A.,MARIA INES,COMPAÑÍA GENERAL DE COMBUSTIBLES S.A.,False,
,2026-02-27T11:11:44,2015-07-27T15:15:48,<br> COMPAÑÍA GENERAL DE COMBUSTIBLES S.A.: 100 %,LPF,COMPAÑÍA GENERAL DE COMBUSTIBLES S.A.,LA PORFIADA,COMPAÑÍA GENERAL DE COMBUSTIBLES S.A.,False,
,2026-02-27T11:11:44,2015-07-27T15:15:48,<br> COMPAÑÍA GENERAL DE COMBUSTIBLES S.A.: 100 %,PUOL,COMPAÑÍA GENERAL DE COMBUSTIBLES S.A.,PUESTO OLIVERIO,COMPAÑÍA GENERAL DE COMBUSTIBLES S.A.,False,
,2026-02-27T11:11:44,2015-07-27T15:15:48,<br> COMPAÑÍA GENERAL DE COMBUSTIBLES S.A.: 100 %,DHE,COMPAÑÍA GENERAL DE COMBUSTIBLES S.A.,DOS HERMANOS,COMPAÑÍA GENERAL DE COMBUSTIBLES S.A.,False,
"La geometría del área debe coinsiderarse provisoria, dado que la empresa operadora actual aún no ha informado los datos",2018-01-24T14:51:53,2016-01-19T15:16:03,<br> PATAGONIA ENERGY S.A.: 100 %,AGZ,MEDANITO S.A.,AGUADA DEL CHIVATO - AGUADA BOCAREY,PATAGONIA ENERGY S.A.,False,
,2024-05-30T11:57:54,2016-07-05T14:16:30,<br> OILSTONE ENERGIA S.A.: 100 %,PUCO,OILSTONE ENERGIA S.A.,PUESTO CORTADERA,OILSTONE ENERGIA S.A.,False,
,2024-05-30T11:57:54,2016-07-05T14:16:30,<br> OILSTONE ENERGIA S.A.: 100 %,PMIN,OILSTONE ENERGIA S.A.,PORTEZUELO MINAS,OILSTONE ENERGIA S.A.,False,
,2024-05-30T11:57:54,2016-07-05T14:16:30,<br> OILSTONE ENERGIA S.A.: 100 %,ZNI,OILSTONE ENERGIA S.A.,LOMA NEGRA NI,OILSTONE ENERGIA S.A.,False,
,2024-05-30T11:57:54,2016-07-05T14:16:30,<br> OILSTONE ENERGIA S.A.: 100 %,BBA,OILSTONE ENERGIA S.A.,BAJO BAGUALES,OILSTONE ENERGIA S.A.,False,
,2024-05-30T11:57:54,2016-07-05T14:16:30,<br> OILSTONE ENERGIA S.A.: 100 %,NME,OILSTONE ENERGIA S.A.,NEUQUEN DEL MEDIO,OILSTONE ENERGIA S.A.,False,
,2024-05-30T11:57:54,2016-07-05T14:16:30,<br> OILSTONE ENERGIA S.A.: 100 %,CCS,OILSTONE ENERGIA S.A.,CUTRAL CO SUR,OILSTONE ENERGIA S.A.,False,
,2024-05-30T11:57:54,2016-07-05T14:16:30,<br> OILSTONE ENERGIA S.A.: 100 %,Z039,OILSTONE ENERGIA S.A.,COLLON CURA,OILSTONE ENERGIA S.A.,False,
,2026-01-09T16:46:59,2017-01-26T11:02:57,<br> TECPETROL S.A.: 100 %,PUSE,TECPETROL S.A.,PUNTA SENILLOSA,TECPETROL S.A.,False,
"La geometría del área debe coinsiderarse provisoria, dado que la empresa operadora actual aún no ha informado los datos",2018-01-24T14:51:53,2017-01-27T12:07:22,<br> PETROLSUR ENERGIA S.A. : 100 %,CCNO,MEDANITO S.A.,CUTRAL CO NORTE,PETROLSUR ENERGIA S.A. ,False,
"La geometría del área debe coinsiderarse provisoria, dado que la empresa operadora actual aún no ha informado los datos",2024-12-27T17:28:29,2017-01-30T12:57:16,<br> YPF S.A.: 60 %<br> ANDES HIDROCARBUROS INVESTMENT S.A.: 40 %,EMOR,YPF S.A.,EL MANZANO OESTE (RESTO),VENOIL S.A.,False,
,2025-12-15T16:27:27,2017-01-30T12:57:16,<br> EQUINOR ARGENTINA AS SUCURSAL ARGENTINA: 30 %<br> YPF S.A.: 40 %<br> SHELL ARGENTINA S.A.: 30 %,BNDS,YPF S.A.,BANDURRIA SUR,YPF S.A.,False,
,2025-12-15T16:27:27,2017-01-30T12:57:16,<br> YPF S.A.: 100 %,AGA,YPF S.A.,AGUADA DE LA ARENA,YPF S.A.,False,
,2025-12-15T16:27:27,2017-01-30T12:57:16,<br> PAMPA ENERGIA S.A.: 33.07 %<br> YPF S.A.: 33.33 %<br> PETROBRAS OPERACIONES SA: 33.60 %,RGO,YPF S.A.,RIO NEUQUEN,YPF S.A.,False,
"La geometría del área debe coinsiderarse provisoria, dado que la empresa operadora actual aún no ha informado los datos",2024-12-27T17:28:29,2017-01-30T12:57:16,<br> PETROLEOS SUDAMERICANOS S.A.: 100 %,MEVE,YPF S.A.,MESA VERDE,PETROLEOS SUDAMERICANOS S.A.,False,
,2025-12-15T16:27:27,2018-01-24T14:42:18,<br> YPF S.A.: 100 %,LRIB,YPF S.A.,LA RIBERA BLOQUE I ,YPF S.A.,False,
,2025-12-15T16:27:27,2018-01-24T14:42:18,<br> YPF S.A.: 100 %,LRII,YPF S.A.,LA RIBERA BLOQUE II  ,YPF S.A.,False,
,2022-03-28T16:26:54,2018-02-08T15:36:06,<br> YPF S.A.: 35 %<br> CAPEX S.A.: 37.5 %<br> CORPORACION FINANCIERA INTERNACIONAL : 15 %<br> METRO HOLDING S.A.: 12.5 %,LNE,CAPEX S.A.,LOMA NEGRA,CAPEX S.A.,False,
,2022-03-28T16:26:54,2018-02-08T15:36:06,<br> METRO HOLDING S.A.: 12.5 %<br> CAPEX S.A.: 37.5 %<br> YPF S.A.: 35 %<br> CORPORACION FINANCIERA INTERNACIONAL : 15 %,Z053,CAPEX S.A.,LA YESERA,CAPEX S.A.,False,
"La geometría del área debe coinsiderarse provisoria, dado que la empresa operadora actual aún no ha informado los datos",2023-12-27T10:27:37,2018-12-27T12:32:55,<br> QUINTANA E&P ARGENTINA S.R.L.: 10 %<br> QUINTANA ENERGY INVESTMENTS S.A.: 89 %<br> GAS STORAGE AND MIDSTREAM SERVICES S.A.: 1 %,FEO,YPF S.A.,ESTACION FERNANDEZ ORO,QUINTANA E&P ARGENTINA S.R.L.,False,
,2025-12-15T16:27:27,2018-12-27T12:32:55,<br> YPF S.A.: 100 %,LCH,YPF S.A.,LOS CHORRILLOS,YPF S.A.,False,
,2025-12-15T16:27:27,2018-12-27T12:32:55,<br> YPF S.A.: 100 %,LGF,YPF S.A.,LAGO FUEGO,YPF S.A.,False,
,2025-12-15T16:27:27,2018-12-27T12:32:55,<br> YPF S.A.: 100 %,TDFB,YPF S.A.,TIERRA DEL FUEGO - FRACCION B,YPF S.A.,False,
,2025-12-15T16:27:27,2018-12-27T12:32:55,<br> YPF S.A.: 100 %,DFUC,YPF S.A.,TIERRA DEL FUEGO - FRACCION C,YPF S.A.,False,
,2025-12-15T16:27:27,2018-12-27T12:32:55,<br> YPF S.A.: 100 %,DFUD,YPF S.A.,TIERRA DEL FUEGO - FRACCION D,YPF S.A.,False,
,2025-12-15T16:27:27,2018-12-27T12:32:55,<br> YPF S.A.: 100 %,DFUA,YPF S.A.,TIERRA DEL FUEGO - FRACCION A,YPF S.A.,False,
,2025-12-15T16:27:27,2018-12-27T12:32:55,<br> YPF S.A.: 100 %,DFUE,YPF S.A.,TIERRA DEL FUEGO - FRACCION E,YPF S.A.,False,
"La geometría del área debe coinsiderarse provisoria, dado que la empresa operadora actual aún no ha informado los datos",2024-12-27T17:28:29,2018-12-27T12:32:55,<br> BENTIA ENERGY S.A.: 100 %,DAD,YPF S.A.,DADIN,BENTIA ENERGY S.A.,False,
"La geometría del área debe coinsiderarse provisoria, dado que la empresa operadora actual aún no ha informado los datos",2024-12-27T17:28:29,2018-12-27T12:32:55,<br> BENTIA ENERGY S.A.: 100 %,NDD,YPF S.A.,AL NORTE DE LA DORSAL,BENTIA ENERGY S.A.,False,
,2026-01-09T16:46:59,2020-01-20T11:06:11,<br> TECPETROL S.A.: 90.00 %<br> GAS Y PETROLEO DEL NEUQUEN S.A.: 10.00 %,LTN1,TECPETROL S.A.,LOS TOLDOS I NORTE,TECPETROL S.A.,False,
,2024-05-30T11:57:54,2023-02-17T08:25:13,<br> OILSTONE ENERGIA S.A.: 100 %,ANC,OILSTONE ENERGIA S.A.,ANTICLINAL CAMPAMENTO,OILSTONE ENERGIA S.A.,False,
,2025-12-15T16:27:27,2018-12-27T12:32:55,<br> ENERGIA MENDOCINA S.A.: 10.00 %<br> KILWER S.A.: 10.00 %<br> KETSAL S.A.: 10.00 %<br> YPF S.A.: 70.00 %,CEME,YPF S.A.,CERRO MORADO ESTE,YPF S.A.,False,
"La geometría del área debe coinsiderarse provisoria, dado que la empresa operadora actual aún no ha informado los datos",2025-01-30T17:42:23,2019-01-18T00:51:55,<br> EDHIPSA: 100 %,PUPR,PRESIDENT PETROLEUM S.A.,PUESTO PRADO,EDHIPSA,False,
,2025-01-30T17:42:23,2019-01-18T00:51:55,<br> EDHIPSA: 10.00 %<br> PRESIDENT PETROLEUM S.A.: 90.00 %,LABA,PRESIDENT PETROLEUM S.A.,LAS BASES,PRESIDENT PETROLEUM S.A.,False,
,2026-02-27T11:11:44,2019-02-13T11:01:50,<br> COMPAÑÍA GENERAL DE COMBUSTIBLES S.A.: 100 %,CABO,COMPAÑÍA GENERAL DE COMBUSTIBLES S.A.,CAMPO BOLEADORAS ,COMPAÑÍA GENERAL DE COMBUSTIBLES S.A.,False,
,2026-02-27T11:11:44,2019-02-13T11:01:50,<br> COMPAÑÍA GENERAL DE COMBUSTIBLES S.A.: 100 %,CIEC,COMPAÑÍA GENERAL DE COMBUSTIBLES S.A.,CAMPO INDIO ESTE - EL CERRITO ,COMPAÑÍA GENERAL DE COMBUSTIBLES S.A.,False,
,2026-02-27T11:11:44,2019-02-13T11:01:50,<br> COMPAÑÍA GENERAL DE COMBUSTIBLES S.A.: 100 %,ECOE,COMPAÑÍA GENERAL DE COMBUSTIBLES S.A.,EL CERRITO OESTE,COMPAÑÍA GENERAL DE COMBUSTIBLES S.A.,False,
,2026-02-27T11:11:44,2019-02-13T11:01:50,<br> COMPAÑÍA GENERAL DE COMBUSTIBLES S.A.: 100 %,ESAF,COMPAÑÍA GENERAL DE COMBUSTIBLES S.A.,ESTANCIA AGUA FRESCA,COMPAÑÍA GENERAL DE COMBUSTIBLES S.A.,False,
,2026-02-27T11:11:44,2019-02-13T11:01:50,<br> COMPAÑÍA GENERAL DE COMBUSTIBLES S.A.: 100 %,CAIN,COMPAÑÍA GENERAL DE COMBUSTIBLES S.A.,CAMPO INDIO,COMPAÑÍA GENERAL DE COMBUSTIBLES S.A.,False,
,2026-02-27T11:11:44,2019-02-13T11:01:50,<br> COMPAÑÍA GENERAL DE COMBUSTIBLES S.A.: 100 %,LAGO,COMPAÑÍA GENERAL DE COMBUSTIBLES S.A.,LAGUNA DEL ORO,COMPAÑÍA GENERAL DE COMBUSTIBLES S.A.,False,
,2022-03-28T16:26:54,2019-09-04T10:51:00,<br> PETROMINERA CHUBUT S.E.: 5 %<br> CAPEX S.A.: 95 %,PAM,CAPEX S.A.,PAMPA DEL CASTILLO - LA GUITARRA,CAPEX S.A.,False,
,2019-11-08T11:17:01,2019-10-30T17:20:32,<br> PAMPA ENERGIA S.A.: 100 %,GRU,PAMPA ENERGIA S.A.,EL MANGRULLO,PAMPA ENERGIA S.A.,False,
,2019-11-08T11:17:01,2019-10-30T17:20:32,<br> PAMPA ENERGIA S.A.: 55 %<br> TOTAL AUSTRAL S.A.: 45 %,VET,PAMPA ENERGIA S.A.,VETA ESCONDIDA,PAMPA ENERGIA S.A.,False,
,2019-11-08T11:17:01,2019-10-30T17:20:32,<br> PAMPA ENERGIA S.A.: 100 %,RDA,PAMPA ENERGIA S.A.,RINCON DE ARANDA,PAMPA ENERGIA S.A.,False,
,,2019-11-08T11:17:01,<br> MOBIL ARGENTINA S.A.: 54.45 %<br> PAMPA ENERGIA S.A.: 45.55 %,SICH,PAMPA ENERGIA S.A.,SIERRA CHATA,PAMPA ENERGIA S.A.,False,
"La geometría del área debe coinsiderarse provisoria, dado que la empresa operadora actual aún no ha informado los datos",,2020-01-10T12:58:47,<br> PETROMINERA CHUBUT S.E.: 12 %<br> SELVA MARIA OIL S.A.: 8 %<br> INTEROIL ARGENTINA S A: 80 %,MMO,SELVA MARIA OIL S.A.,MATAMAGALLANES OESTE,INTEROIL ARGENTINA S A,False,
,,2025-06-26T10:27:40,<br> CGC ENERGIA SAU: 100 %,ELH,CGC ENERGIA SAU,EL HUEMUL - KOLUEL KAIKE,CGC ENERGIA SAU,False,
,2026-01-09T16:46:59,2020-01-20T11:06:11,<br> GAS Y PETROLEO DEL NEUQUEN S.A.: 10.00 %<br> TECPETROL S.A.: 90.00 %,LTE2,TECPETROL S.A.,LOS TOLDOS II ESTE,TECPETROL S.A.,False,
"La geometría del área debe coinsiderarse provisoria, dado que la empresa operadora actual aún no ha informado los datos",2023-05-18T13:54:50,2020-01-21T09:02:19,<br> VISTA ENERGY ARGENTINA SAU: 100 %,AAMA,VISTA OIL & GAS ARGENTINA SAU,JARILLA QUEMADA,Petrolera Aconcagua Energia S.A.,False,
"La geometría del área debe coinsiderarse provisoria, dado que la empresa operadora actual aún no ha informado los datos",2023-05-18T13:54:50,2020-01-21T09:02:19,<br> VISTA ENERGY ARGENTINA SAU: 100 %,ELO,VISTA OIL & GAS ARGENTINA SAU,ENTRE LOMAS,Petrolera Aconcagua Energia S.A.,False,
"La geometría del área debe coinsiderarse provisoria, dado que la empresa operadora actual aún no ha informado los datos",2023-05-18T13:54:50,2020-01-21T09:02:19,<br> VISTA ENERGY ARGENTINA SAU: 100 %,CHDP,VISTA OIL & GAS ARGENTINA SAU,CHARCO DEL PALENQUE,Petrolera Aconcagua Energia S.A.,False,
"La geometría del área debe coinsiderarse provisoria, dado que la empresa operadora actual aún no ha informado los datos",2023-05-18T13:54:50,2020-01-21T09:02:19,<br> VISTA ENERGY ARGENTINA SAU: 100 %,JMRN,VISTA OIL & GAS ARGENTINA SAU,JAGÜEL DE LOS MACHOS RN,Petrolera Aconcagua Energia S.A.,False,
"La geometría del área debe coinsiderarse provisoria, dado que la empresa operadora actual aún no ha informado los datos",2023-05-18T13:54:50,2020-01-21T09:02:19,<br> VISTA ENERGY ARGENTINA SAU: 100 %,VERN,VISTA OIL & GAS ARGENTINA SAU,25 DE MAYO - MEDANITO SUD ESTE RN,Petrolera Aconcagua Energia S.A.,False,
,2026-01-23T17:34:26,2020-01-27T11:38:18,<br> SHELL ARGENTINA S.A.: 90.00 %<br> GAS Y PETROLEO DEL NEUQUEN S.A.: 10.00 %,SBLA,SHELL ARGENTINA S.A.,SIERRAS BLANCAS,SHELL ARGENTINA S.A.,False,
,2026-01-23T17:34:26,2020-01-27T11:38:18,<br> GAS Y PETROLEO DEL NEUQUEN S.A.: 10.00 %<br> SHELL ARGENTINA S.A.: 90.00 %,CDLO,SHELL ARGENTINA S.A.,CRUZ DE LORENA,SHELL ARGENTINA S.A.,False,
,2025-12-15T16:27:27,2020-01-28T15:17:52,<br> YPF S.A.: 100 %,AGUH,YPF S.A.,AGUADA DEL CHAÑAR,YPF S.A.,False,
,2025-12-15T16:27:27,2020-01-28T15:17:52,<br> YPF S.A.: 100 %,LOAS,YPF S.A.,LOMA AMARILLA SUR,YPF S.A.,False,
"La geometría del área debe coinsiderarse provisoria, dado que la empresa operadora actual aún no ha informado los datos",,2020-01-28T22:08:09,<br> Pilgrim Energy S.A.: 100 %,CENE,ROCH S.A.,CERRO NEGRO,Pilgrim Energy S.A.,False,
,,2020-02-17T16:40:39,<br> Petrolera Aconcagua Energia S.A.: 100 %,ANEX,Petrolera Aconcagua Energia S.A.,ATUEL NORTE EXPLOTACION,Petrolera Aconcagua Energia S.A.,False,
,2025-05-29T10:24:19,2020-01-30T11:28:52,<br> PAN AMERICAN ENERGY SL: 52 %<br> PLUSPETROL S.A.: 1.50 %<br> YPF S.A.: 22.50 %<br> VISTA OIL & GAS ARGENTINA SAU: 1.50 %<br> SHELL ARGENTINA S.A.: 22.50 %,ACA,PAN AMERICAN ENERGY SL,ACAMBUCO,PAN AMERICAN ENERGY SL,False,
,2025-05-29T10:24:19,2020-01-30T11:28:52,<br> YPF S.A.: 37.50 %<br> PAN AMERICAN ENERGY SL: 62.50 %,LAT,PAN AMERICAN ENERGY SL,LINDERO ATRAVESADO,PAN AMERICAN ENERGY SL,False,
,2025-05-29T10:24:19,2020-01-30T11:28:52,<br> PAN AMERICAN ENERGY SL: 100 %,BNDC,PAN AMERICAN ENERGY SL,BANDURRIA CENTRO,PAN AMERICAN ENERGY SL,False,
,2025-05-29T10:24:19,2020-01-30T11:28:52,<br> YPF S.A.: 40 %<br> PAN AMERICAN ENERGY SL: 60 %,APO,PAN AMERICAN ENERGY SL,AGUADA PICHANA OESTE ,PAN AMERICAN ENERGY SL,False,
,2025-05-29T10:24:19,2020-01-30T11:28:52,<br> PAN AMERICAN ENERGY SL: 100 %,ANG,PAN AMERICAN ENERGY SL,ANTICLINAL GRANDE - CERRO DRAGON,PAN AMERICAN ENERGY SL,False,
,2025-05-29T10:24:19,2020-01-30T11:28:52,<br> PAN AMERICAN ENERGY SL: 100 %,CTO,PAN AMERICAN ENERGY SL,CERRO TORTUGA - LAS FLORES,PAN AMERICAN ENERGY SL,False,
,2025-05-29T10:24:19,2020-01-30T11:28:52,<br> PETROMINERA CHUBUT S.E.: 30.00 %<br> PAN AMERICAN ENERGY SL: 70.00 %,AFU,PAN AMERICAN ENERGY SL,ANTICLINAL FUNES,PAN AMERICAN ENERGY SL,False,
,2025-05-29T10:24:19,2020-01-30T11:28:52,<br> PAN AMERICAN ENERGY SL: 100 %,CHU,PAN AMERICAN ENERGY SL,CHULENGO,PAN AMERICAN ENERGY SL,False,
,2025-05-29T10:24:19,2020-01-30T11:28:52,<br> PAN AMERICAN ENERGY SL: 100 %,CRRD,PAN AMERICAN ENERGY SL,CERRO DRAGON,PAN AMERICAN ENERGY SL,False,
,2022-02-01T09:46:13,2020-01-30T11:40:58,<br> YPF S.A.: 40 %<br> PAN AMERICAN ENERGY SL: 60 %,AGCA,PAN AMERICAN ENERGY SL,AGUADA DE CASTRO  ,PAN AMERICAN ENERGY SL,False,
,,2020-01-30T11:40:58,<br> PAN AMERICAN ENERGY SL: 90 %<br> GAS Y PETROLEO DEL NEUQUEN S.A.: 10 %,CANC,PAN AMERICAN ENERGY SL,COIRON AMARGO SUR ESTE,PAN AMERICAN ENERGY SL,False,
"La geometría del área debe coinsiderarse provisoria, dado que la empresa operadora actual aún no ha informado los datos",2025-01-30T17:42:23,2020-01-31T16:16:32,<br> EDHIPSA: 100 %,PFEV,PRESIDENT PETROLEUM S.A.,PUESTO FLORES - ESTANCIA VIEJA,EDHIPSA,False,
,,2020-02-06T17:26:22,<br> PETROLEOS SUDAMERICANOS S.A.: 100 %,EME,PETROLEOS SUDAMERICANOS S.A.,EL MEDANITO,PETROLEOS SUDAMERICANOS S.A.,False,
,,2020-02-06T17:26:22,<br> PETROLEOS SUDAMERICANOS S.A.: 100 %,BAJ,PETROLEOS SUDAMERICANOS S.A.,BAJO DEL PICHE,PETROLEOS SUDAMERICANOS S.A.,False,
,,2020-02-06T17:26:22,<br> PETROLEOS SUDAMERICANOS S.A.: 100 %,LOR,PETROLEOS SUDAMERICANOS S.A.,BARRANCA DE LOS LOROS,PETROLEOS SUDAMERICANOS S.A.,False,
,,2020-02-06T17:26:22,<br> PETROLEOS SUDAMERICANOS S.A.: 100 %,SAN,PETROLEOS SUDAMERICANOS S.A.,EL SANTIAGUEÑO,PETROLEOS SUDAMERICANOS S.A.,False,
,,2020-02-17T16:40:39,<br> Petrolera Aconcagua Energia S.A.: 50 %<br> CROWN POINT ENERGIA S.A.: 50 %,PPCR,Petrolera Aconcagua Energia S.A.,PUESTO POZO CERCADO ORIENTAL,Petrolera Aconcagua Energia S.A.,False,
,,2020-02-17T16:40:39,<br> EDHIPSA: 10.00 %<br> Petrolera Aconcagua Energia S.A.: 90.00 %,CAP,Petrolera Aconcagua Energia S.A.,CATRIEL OESTE,Petrolera Aconcagua Energia S.A.,False,
,,2020-02-17T16:40:39,<br> EDHIPSA: 10.00 %<br> Petrolera Aconcagua Energia S.A.: 90.00 %,VIE,Petrolera Aconcagua Energia S.A.,CATRIEL VIEJO,Petrolera Aconcagua Energia S.A.,False,
"La geometría del área debe coinsiderarse provisoria, dado que la empresa operadora actual aún no ha informado los datos",,2020-02-17T16:40:39,<br> EDHIPSA: 10.00 %<br> Petrolera Aconcagua Energia S.A.: 90.00 %,LGU,Petrolera Aconcagua Energia S.A.,LOMA GUADALOSA,PAN AMERICAN ENERGY SL,False,
,2022-03-28T16:26:54,2021-01-12T17:48:36,<br> CAPEX S.A.: 100.00 %,BVOI,CAPEX S.A.,BELLA VISTA OESTE - BLOQUE I,CAPEX S.A.,False,
,2025-12-15T16:27:27,2022-01-12T11:59:54,<br> YPF S.A.: 50 %<br> EQUINOR ARGENTINA AS SUCURSAL ARGENTINA: 50 %,BTN,YPF S.A.,BAJO DEL TORO NORTE,YPF S.A.,False,
,,2022-10-11T16:54:44,<br> PETROQUIMICA COMODORO RIVADAVIA S.A.: 80 %<br> PAMPETROL S.A.P.E.M: 20 %,VELP,PETROQUIMICA COMODORO RIVADAVIA S.A.,25 DE MAYO - MEDANITO SUD ESTE LP,PETROQUIMICA COMODORO RIVADAVIA S.A.,False,
,,2022-10-11T16:54:44,<br> PETROQUIMICA COMODORO RIVADAVIA S.A.: 80 %<br> PAMPETROL S.A.P.E.M: 20 %,JMLP,PETROQUIMICA COMODORO RIVADAVIA S.A.,JAGÜEL DE LOS MACHOS LP,PETROQUIMICA COMODORO RIVADAVIA S.A.,False,
"La geometría del área debe coinsiderarse provisoria, dado que la empresa operadora actual aún no ha informado los datos",,2023-01-18T17:10:51,<br> ENAP SIPETROL ARGENTINA S.A.: 50 %<br> YPF S.A.: 50 %,OPE,ENAP SIPETROL ARGENTINA S.A.,OCTANS-PEGASO,PETROLERA SANTA MARIA SAU,False,
,,2023-01-20T11:16:53,<br> CAPETROL S.A.: 100 %,JSE,CAPETROL S.A.,JOSE SEGUNDO,CAPETROL S.A.,False,
,2026-02-27T11:11:44,2023-01-27T10:41:38,<br> COMPAÑÍA GENERAL DE COMBUSTIBLES S.A.: 100.00 %,ASGN,COMPAÑÍA GENERAL DE COMBUSTIBLES S.A.,SANTA CRUZ II - FRACCION ASGN,COMPAÑÍA GENERAL DE COMBUSTIBLES S.A.,False,
,,2023-01-28T03:50:28,<br> HINTON PRODUCTION COMPANY SUCURSAL ARGENTINA: 3.41 %<br> MADALENA ENERGY ARGENTINA SRL : 96.59 %,VAMO,MADALENA ENERGY ARGENTINA SRL ,VALLE MORADO,MADALENA ENERGY ARGENTINA SRL ,False,
"La geometría del área debe coinsiderarse provisoria, dado que la empresa operadora actual aún no ha informado los datos",,2023-01-28T03:50:28,<br> MADALENA PETROLEUM (AMERICAS) LTD. (SUCURSAL ARGENTINA): 100 %,EDIP,MADALENA ENERGY ARGENTINA SRL ,PUESTO MORALES ESTE,GEOPETROL DRILLING S.A.,False,
,,2023-01-28T03:50:28,<br> MADALENA PETROLEUM (AMERICAS) LTD. (SUCURSAL ARGENTINA): 100 %,RPMR,MADALENA ENERGY ARGENTINA SRL ,RINCONADA PUESTO MORALES RN,MADALENA ENERGY ARGENTINA SRL ,False,
"La geometría del área debe coinsiderarse provisoria, dado que la empresa operadora actual aún no ha informado los datos",2024-01-30T11:37:19,2023-01-31T09:06:47,<br> PETROLERA EL TREBOL S.A.: 90 %<br> GAS Y PETROLEO DEL NEUQUEN S.A.: 10 %,MMN,KILWER S.A.,MATA MORA NORTE,PETROLERA EL TREBOL S.A.,False,
,2026-01-22T16:21:18,2023-01-31T11:04:23,<br> YPF S.A.: 34.11 %<br> TOTAL AUSTRAL S.A.: 24.71 %<br> WINTERSHALL DEA ARGENTINA S.A: 24.71 %<br> PAN AMERICAN ENERGY SL: 16.47 %,SRO,TOTAL AUSTRAL S.A.,SAN ROQUE,TOTAL AUSTRAL S.A.,False,
,2026-01-22T16:21:18,2023-01-31T11:04:23,<br> WINTERSHALL DEA ARGENTINA S.A: 37.50 %<br> PAN AMERICAN SUR S.A.: 25.00 %<br> TOTAL AUSTRAL S.A.: 37.50 %,CAU,TOTAL AUSTRAL S.A.,CUENCA MARINA AUSTRAL 1,TOTAL AUSTRAL S.A.,False,
,2026-01-22T16:21:18,2023-01-31T11:04:23,<br> TOTAL AUSTRAL S.A.: 37.50 %<br> PAN AMERICAN SUR S.A.: 25.00 %<br> WINTERSHALL DEA ARGENTINA S.A: 37.50 %,CSES,TOTAL AUSTRAL S.A.,CARINA SUDESTE,TOTAL AUSTRAL S.A.,False,
,2026-01-22T16:21:18,2023-01-31T11:04:23,<br> WINTERSHALL DEA ARGENTINA S.A: 37.50 %<br> PAN AMERICAN SUR S.A.: 25.00 %<br> TOTAL AUSTRAL S.A.: 37.50 %,LEO,TOTAL AUSTRAL S.A.,LEO,TOTAL AUSTRAL S.A.,False,
"La geometría del área debe coinsiderarse provisoria, dado que la empresa operadora actual aún no ha informado los datos",2025-01-29T13:22:14,2023-01-31T11:04:23,<br> TOTAL AUSTRAL S.A.: 45.00 %<br> GAS Y PETROLEO DEL NEUQUEN S.A.: 10.00 %<br> SHELL ARGENTINA S.A.: 45.00 %,RLCZ,TOTAL AUSTRAL S.A.,RINCON LA CENIZA,VACA MUERTA INVERSIONES SAU,False,
"La geometría del área debe coinsiderarse provisoria, dado que la empresa operadora actual aún no ha informado los datos",2025-01-29T13:22:14,2023-01-31T11:04:23,<br> GAS Y PETROLEO DEL NEUQUEN S.A.: 10.00 %<br> TOTAL AUSTRAL S.A.: 45.00 %<br> SHELL ARGENTINA S.A.: 45.00 %,LAES,TOTAL AUSTRAL S.A.,LA ESCALONADA,VACA MUERTA INVERSIONES SAU,False,
,2026-01-22T16:21:18,2023-01-31T11:04:23,<br> PAN AMERICAN ENERGY SL: 18.18 %<br> TOTAL AUSTRAL S.A.: 27.27 %<br> WINTERSHALL DEA ARGENTINA S.A: 27.27 %<br> YPF S.A.: 27.27 %,APE,TOTAL AUSTRAL S.A.,AGUADA PICHANA ESTE  ,TOTAL AUSTRAL S.A.,False,
,2026-01-22T16:21:18,2023-01-31T11:30:01,<br> PAN AMERICAN SUR S.A.: 25.00 %<br> WINTERSHALL DEA ARGENTINA S.A: 37.50 %<br> TOTAL AUSTRAL S.A.: 37.50 %,CNOR,TOTAL AUSTRAL S.A.,CARINA NORTE,TOTAL AUSTRAL S.A.,False,
,2026-01-22T16:21:18,2023-01-31T11:30:01,<br> TOTAL AUSTRAL S.A.: 37.50 %<br> PAN AMERICAN SUR S.A.: 25 %<br> WINTERSHALL DEA ARGENTINA S.A: 37.50 %,TASI,TOTAL AUSTRAL S.A.,TAURO-SIRIUS,TOTAL AUSTRAL S.A.,False,
,2026-01-22T16:21:18,2023-01-31T11:30:01,<br> PAN AMERICAN SUR S.A.: 25 %<br> WINTERSHALL DEA ARGENTINA S.A: 37.5 %<br> TOTAL AUSTRAL S.A.: 37.5 %,ARSN,TOTAL AUSTRAL S.A.,ARIES NORTE,TOTAL AUSTRAL S.A.,False,
,2026-01-09T16:46:59,2023-01-31T15:49:27,<br> TECPETROL S.A.: 100 %,PUP,TECPETROL S.A.,PUESTO PARADA,TECPETROL S.A.,False,
,,2023-02-03T16:26:29,<br> HIGH LUCK GROUP LTD. - SUCURSAL ARGENTINA: 50 %<br> PAMPA ENERGIA S.A.: 50 %,LBLS,HIGH LUCK GROUP LTD. - SUCURSAL ARGENTINA,LOS BLANCOS,HIGH LUCK GROUP LTD. - SUCURSAL ARGENTINA,False,
,2024-05-30T11:57:54,2023-02-17T08:25:13,<br> OILSTONE ENERGIA S.A.: 100 %,BAG,OILSTONE ENERGIA S.A.,AGUADA BAGUALES,OILSTONE ENERGIA S.A.,False,
,2024-05-30T11:57:54,2023-02-17T08:25:13,<br> OILSTONE ENERGIA S.A.: 100 %,DHA,OILSTONE ENERGIA S.A.,DOS HERMANAS,OILSTONE ENERGIA S.A.,False,
,2024-05-30T11:57:54,2023-02-17T08:25:13,<br> OILSTONE ENERGIA S.A.: 100 %,ODA,OILSTONE ENERGIA S.A.,OJO DE AGUA,OILSTONE ENERGIA S.A.,False,
,2024-05-30T11:57:54,2023-02-17T08:25:13,<br> OILSTONE ENERGIA S.A.: 100 %,POR,OILSTONE ENERGIA S.A.,EL PORVENIR,OILSTONE ENERGIA S.A.,False,
,2024-05-30T11:57:54,2023-02-17T08:25:13,<br> OILSTONE ENERGIA S.A.: 100 %,PTO,OILSTONE ENERGIA S.A.,PUESTO TOUQUET,OILSTONE ENERGIA S.A.,False,
,2024-05-30T11:57:54,2023-02-17T08:25:13,<br> OILSTONE ENERGIA S.A.: 100 %,SDD,OILSTONE ENERGIA S.A.,AL SUR DE LA DORSAL,OILSTONE ENERGIA S.A.,False,
"La geometría del área debe coinsiderarse provisoria, dado que la empresa operadora actual aún no ha informado los datos",2025-02-09T09:16:32,2023-03-01T12:34:14,<br> FLXS OGE S.A : 100 %,CEN,PLUSPETROL S.A.,CENTENARIO,FLXS OGE S.A ,False,
"La geometría del área debe coinsiderarse provisoria, dado que la empresa operadora actual aún no ha informado los datos",,2023-03-04T13:16:16,<br> G Y G OIL SERVICE SRL: 100 %,VEGA,VENOIL S.A.,VEGA GRANDE,G Y G OIL SERVICE SRL,False,
,,2023-05-25T16:27:52,<br> GAS Y PETROLEO DEL NEUQUEN S.A.: 100 %,ECN,PETROLEOS SUDAMERICANOS S.A.,EL CARACOL NORTE,PETROLEOS SUDAMERICANOS S.A.,False,
,2026-01-23T17:34:26,2023-06-07T11:06:11,<br> GAS Y PETROLEO DEL NEUQUEN S.A.: 10 %<br> SHELL ARGENTINA S.A.: 90 %,CAOS,SHELL ARGENTINA S.A.,COIRON AMARGO SUR OESTE,SHELL ARGENTINA S.A.,False,
,2026-01-23T17:34:26,2023-06-07T11:06:11,<br> YPF S.A.: 50.00 %<br> SHELL ARGENTINA S.A.: 50.00 %,BANE,SHELL ARGENTINA S.A.,BAJADA DE AÑELO,SHELL ARGENTINA S.A.,False,
,2025-02-28T15:35:59,2023-08-03T17:38:51,<br> CHEVRON ARGENTINA S.R.L.: 100 %,ETE,CHEVRON ARGENTINA S.R.L.,EL TRAPIAL ESTE,CHEVRON ARGENTINA S.R.L.,False,
,,2023-08-23T12:14:27,<br> COMPAÑÍAS ASOCIADAS PETROLERAS S.A.: 100 %,MINR,COMPAÑÍAS ASOCIADAS PETROLERAS S.A.,MINA RESERVA,COMPAÑÍAS ASOCIADAS PETROLERAS S.A.,False,
,,2023-08-23T12:14:27,<br> COMPAÑÍAS ASOCIADAS PETROLERAS S.A.: 100 %,K20,COMPAÑÍAS ASOCIADAS PETROLERAS S.A.,KM. 20,COMPAÑÍAS ASOCIADAS PETROLERAS S.A.,False,
,,2023-08-23T15:07:48,<br> EDHIPSA: 10 %<br> CAPEX S.A.: 90 %,PZU,CAPEX S.A.,PUESTO ZUÑIGA,CAPEX S.A.,False,
,2025-06-30T09:16:54,2023-11-06T10:27:48,<br> GAS Y PETRÓLEO DEL NEUQUÉN SOCIEDAD ANÓNIMA - VISTA OIL & GAS ARGENTINA SOCIEDAD ANÓNIMA UNIPERSONAL - UNIÓN TRANSITORIA - ÁREA COIRÓN AMARGO NORTE: 15.38 %<br> VISTA ENERGY ARGENTINA SAU: 84.62 %,Z038,VISTA ENERGY ARGENTINA SAU,COIRON AMARGO NORTE,VISTA ENERGY ARGENTINA SAU,False,
,2025-06-30T09:16:54,2023-11-06T10:27:48,<br> VISTA ENERGY ARGENTINA SAU: 100 %,BAPE,VISTA ENERGY ARGENTINA SAU,BAJADA DEL PALO ESTE,VISTA ENERGY ARGENTINA SAU,False,
,2025-06-30T09:16:54,2023-11-06T10:27:48,<br> VISTA ENERGY ARGENTINA SAU: 100 %,BAPO,VISTA ENERGY ARGENTINA SAU,BAJADA DEL PALO OESTE,VISTA ENERGY ARGENTINA SAU,False,
,2025-06-30T09:16:54,2023-11-06T10:27:48,<br> VISTA ENERGY ARGENTINA SAU: 100 %,AFED,VISTA ENERGY ARGENTINA SAU,AGUADA FEDERAL,VISTA ENERGY ARGENTINA SAU,False,
,2025-06-30T09:16:54,2023-11-06T10:27:48,<br> VISTA ENERGY ARGENTINA SAU: 100 %,BNDN,VISTA ENERGY ARGENTINA SAU,BANDURRIA NORTE,VISTA ENERGY ARGENTINA SAU,False,
,,2023-11-06T11:54:55,,AGMO,VISTA ENERGY ARGENTINA SAU,AGUILA MORA,VISTA ENERGY ARGENTINA SAU,False,
,,2024-02-06T15:31:55,<br> E.M.E.S.A: 10.00 %<br> HATTRICK ENERGY SAS: 90.00 %,LDPA,HATTRICK ENERGY SAS,LINDERO DE PIEDRA,HATTRICK ENERGY SAS,False,
,2026-01-28T15:21:27,2024-02-07T11:47:50,<br> PLUSPETROL S.A.: 50 %<br> YPF S.A.: 50 %,PUPI,PLUSPETROL S.A.,CNQ 7/A,PLUSPETROL S.A.,False,
,2026-01-28T15:31:34,2024-02-07T12:02:03,<br> YPF S.A.: 50 %<br> PLUSPETROL S.A.: 50 %,JCPA,PLUSPETROL S.A.,JAGÜEL CASA DE PIEDRA,PLUSPETROL S.A.,False,
,2026-01-28T15:15:45,2024-02-07T12:04:30,<br> YPF S.A.: 50 %<br> PLUSPETROL S.A.: 50 %,AVI,PLUSPETROL S.A.,AGUADA VILLANUEVA,PLUSPETROL S.A.,False,
"La geometría del área debe coinsiderarse provisoria, dado que la empresa operadora actual aún no ha informado los datos",2025-02-13T10:59:06,2024-02-07T12:09:18,<br> FLXS OGE S.A : 100 %,CENC,PLUSPETROL S.A.,CENTENARIO CENTRO,FLXS OGE S.A ,False,
,2026-01-28T15:19:13,2024-02-07T12:19:08,<br> PLUSPETROL S.A.: 50.00 %<br> YPF S.A.: 50.00 %,MBE,PLUSPETROL S.A.,MESETA BUENA ESPERANZA,PLUSPETROL S.A.,False,
,2025-05-29T10:24:19,2024-04-24T10:31:08,<br> GAS Y PETROLEO DEL NEUQUEN S.A.: 10.00 %<br> PAN AMERICAN ENERGY SL: 90.00 %,AGCO,PAN AMERICAN ENERGY SL,AGUADA CÁNEPA,PAN AMERICAN ENERGY SL,False,
,,2024-05-13T13:01:04,<br> FOMICRUZ S.E.: 100 %,DEM,FOMICRUZ S.E.,DEL MOSQUITO,FOMICRUZ S.E.,False,
,2026-01-28T15:12:08,2024-05-27T16:07:20,<br> YPF S.A.: 50 %<br> PLUSPETROL S.A.: 50 %,LCA,PLUSPETROL S.A.,LA CALERA,PLUSPETROL S.A.,False,
,2026-01-28T15:25:24,2024-05-27T16:07:20,<br> PLUSPETROL S.A.: 69.99 %<br> YPF S.A.: 30.01 %,ODO,PLUSPETROL S.A.,GOBERNADOR AYALA,PLUSPETROL S.A.,False,
,2026-01-28T15:23:24,2024-05-27T16:07:20,<br> PLUSPETROL S.A.: 90 %<br> ENARSA ENERGIA ARGENTINA S.A.: 10 %,GIII,PLUSPETROL S.A.,GOBERNADOR AYALA III,PLUSPETROL S.A.,False,
"La geometría del área debe coinsiderarse provisoria, dado que la empresa operadora actual aún no ha informado los datos",2025-02-09T09:45:11,2024-05-27T16:07:20,<br> GAS Y PETROLEO DEL NEUQUEN S.A.: 5 %<br> GEOPARK ARGENTINA LTD. (SUCURSAL ARGENTINA): 95 %,PSOE,PLUSPETROL S.A.,PUESTO SILVA OESTE,GEOPARK ARGENTINA LTD. (SUCURSAL ARGENTINA),False,
,,2025-06-26T10:27:40,<br> CGC ENERGIA SAU: 100 %,COR,CGC ENERGIA SAU,EL CORDON,CGC ENERGIA SAU,False,
"La geometría del área debe coinsiderarse provisoria, dado que la empresa operadora actual aún no ha informado los datos",,2024-05-27T16:07:20,<br> GEOPARK ARGENTINA LTD. (SUCURSAL ARGENTINA): 100 %,LOJE,PLUSPETROL S.A.,LOMA JARILLOSA ESTE,GEOPARK ARGENTINA LTD. (SUCURSAL ARGENTINA),False,
,,2024-05-30T12:11:07,<br> PETROLEOS SUDAMERICANOS S.A.: 100 %,CEA,PETROLEOS SUDAMERICANOS S.A.,CERRO HAMACA,PETROLEOS SUDAMERICANOS S.A.,False,
,2026-01-09T16:46:59,2025-01-27T14:52:17,<br> YPF S.A.: 42 %<br> TECPETROL S.A.: 58 %,RAM,TECPETROL S.A.,RAMOS,TECPETROL S.A.,False,
,,2025-02-01T17:30:08,<br> VENOIL S.A.: 100 %,LDC,VENOIL S.A.,LAGUNA DE LOS CAPONES,VENOIL S.A.,False,
,,2025-02-01T17:30:08,<br> VENOIL S.A.: 100 %,SCIC,VENOIL S.A.,SANTA CRUZ I - FRACCION C,VENOIL S.A.,False,
,,2025-02-01T17:30:08,<br> VENOIL S.A.: 100 %,SC1D,VENOIL S.A.,SANTA CRUZ I - FRACCION D,VENOIL S.A.,False,
,,2025-02-01T17:30:08,<br> VENOIL S.A.: 100 %,S2FA,VENOIL S.A.,SANTA CRUZ II - FRACCION A,VENOIL S.A.,False,
,,2025-06-26T10:27:40,<br> CGC ENERGIA SAU: 100 %,ESI,CGC ENERGIA SAU,MESETA ESPINOSA (CGSJ-10),CGC ENERGIA SAU,False,
,,2025-02-01T17:30:08,<br> VENOIL S.A.: 100 %,SC2B,VENOIL S.A.,SANTA CRUZ II - FRACCION B,VENOIL S.A.,False,
,2025-02-06T15:44:01,2025-02-04T11:10:32,<br> ANDES HIDROCARBUROS INVESTMENT S.A.: 100 %,EMO,VENOIL S.A.,EL MANZANO OESTE (AGRIO),VENOIL S.A.,False,
,,2025-03-25T11:51:08,<br> PETROQUIMICA COMODORO RIVADAVIA S.A.: 100 %,LLAR,PETROQUIMICA COMODORO RIVADAVIA S.A.,LLANCANELO R,PETROQUIMICA COMODORO RIVADAVIA S.A.,False,
,,2025-03-25T11:58:21,<br> PETROQUIMICA COMODORO RIVADAVIA S.A.: 100 %,LLA,PETROQUIMICA COMODORO RIVADAVIA S.A.,LLANCANELO,PETROQUIMICA COMODORO RIVADAVIA S.A.,False,
,,2025-03-25T12:21:13,<br> PETROQUIMICA COMODORO RIVADAVIA S.A.: 100 %,LAB,PETROQUIMICA COMODORO RIVADAVIA S.A.,LA BREA,PETROQUIMICA COMODORO RIVADAVIA S.A.,False,
,,2025-03-25T12:28:44,<br> PETROQUIMICA COMODORO RIVADAVIA S.A.: 100 %,CMOE,PETROQUIMICA COMODORO RIVADAVIA S.A.,CERRO MOLLAR OESTE,PETROQUIMICA COMODORO RIVADAVIA S.A.,False,
,,2025-03-25T12:33:45,<br> PETROQUIMICA COMODORO RIVADAVIA S.A.: 100 %,PURO,PETROQUIMICA COMODORO RIVADAVIA S.A.,PUESTO ROJAS,PETROQUIMICA COMODORO RIVADAVIA S.A.,False,
,,2025-03-25T14:38:48,<br> PETROQUIMICA COMODORO RIVADAVIA S.A.: 100 %,LPCA,PETROQUIMICA COMODORO RIVADAVIA S.A.,LA PALOMA - CERRO ALQUITRAN,PETROQUIMICA COMODORO RIVADAVIA S.A.,False,
,,2025-03-31T08:05:34,<br> RECURSOS Y ENERGIA FORMOSA S.A.: 100 %,PALA,RECURSOS Y ENERGIA FORMOSA S.A.,PALMAR LARGO,RECURSOS Y ENERGIA FORMOSA S.A.,False,
,,2025-03-31T08:24:11,<br> RECURSOS Y ENERGIA FORMOSA S.A.: 100 %,CHI,RECURSOS Y ENERGIA FORMOSA S.A.,EL CHIVIL,RECURSOS Y ENERGIA FORMOSA S.A.,False,
,,2025-03-31T08:24:32,<br> RECURSOS Y ENERGIA FORMOSA S.A.: 100 %,SBI,RECURSOS Y ENERGIA FORMOSA S.A.,SURUBI,RECURSOS Y ENERGIA FORMOSA S.A.,False,
,,2025-06-26T10:27:40,<br> CGC ENERGIA SAU: 100 %,MSI,CGC ENERGIA SAU,MESETA SIRVEN,CGC ENERGIA SAU,False,
,,2025-06-26T10:27:40,<br> CGC ENERGIA SAU: 100 %,TPI,CGC ENERGIA SAU,TRES PICOS,CGC ENERGIA SAU,False,
,,2025-06-26T10:27:40,<br> CGC ENERGIA SAU: 100 %,CAS,CGC ENERGIA SAU,CAÑADON SECO,CGC ENERGIA SAU,False,
,,2025-06-26T10:27:40,<br> CGC ENERGIA SAU: 100 %,COV,CGC ENERGIA SAU,CERRO OVERO,CGC ENERGIA SAU,False,
,,2025-06-26T10:27:40,<br> CGC ENERGIA SAU: 100 %,SPC,CGC ENERGIA SAU,SUR PIEDRA CLAVADA,CGC ENERGIA SAU,False,
,,2025-06-26T10:27:40,<br> CGC ENERGIA SAU: 100 %,MIN,CGC ENERGIA SAU,CAÑADON MINERALES,CGC ENERGIA SAU,False,
,,2025-06-26T10:27:40,<br> CGC ENERGIA SAU: 100 %,PICL,CGC ENERGIA SAU,PIEDRA CLAVADA (CGSJ-IV),CGC ENERGIA SAU,False,
,,2025-06-26T10:27:40,<br> CGC ENERGIA SAU: 100 %,BLO,CGC ENERGIA SAU,BLOQUE 127,CGC ENERGIA SAU,False,
,,2025-06-26T10:27:40,<br> CGC ENERGIA SAU: 100 %,WEL,CGC ENERGIA SAU,CERRO WENCESLAO,CGC ENERGIA SAU,False,
,,2025-06-26T10:27:40,<br> CGC ENERGIA SAU: 100 %,CLE,CGC ENERGIA SAU,CAÑADON LEON,CGC ENERGIA SAU,False,
,,2025-06-26T10:27:40,<br> CGC ENERGIA SAU: 100 %,LAS,CGC ENERGIA SAU,LAS HERAS,CGC ENERGIA SAU,False,
,,2025-06-26T10:27:40,<br> CGC ENERGIA SAU: 100 %,MESI,CGC ENERGIA SAU,MESETA ESPINOSA,CGC ENERGIA SAU,False,
,,2025-07-04T12:42:34,<br> CGC ENERGIA SAU: 100 %,CAC,VENOIL S.A.,CACHEUTA,VENOIL S.A.,False,
,,2025-07-04T12:42:34,<br> CGC ENERGIA SAU: 100 %,PCO,VENOIL S.A.,PIEDRAS COLORADAS - ESTRUCTURA INTERMEDIA,VENOIL S.A.,False,
,2025-12-15T16:27:27,2025-12-15T13:09:05,,LAS2,YPF S.A.,LA ANGOSTURA SUR II,YPF S.A.,False,
,2025-12-15T16:27:27,2025-12-15T13:09:05,,NRBN,YPF S.A.,NARAMBUENA,YPF S.A.,False,
,2025-12-15T16:27:27,2025-12-15T13:09:05,,LAS1,YPF S.A.,LA ANGOSTURA SUR I,YPF S.A.,False,
,,2026-01-22T16:21:18,<br> PAN AMERICAN SUR S.A.: 25 %<br> WINTERSHALL DEA ARGENTINA S.A: 37.50 %<br> TOTAL AUSTRAL S.A.: 37.50 %,STF,TOTAL AUSTRAL S.A.,SPICA_TF,TOTAL AUSTRAL S.A.,False,
,,2026-01-27T13:45:09,<br> CROWN POINT ENERGIA S.A.: 100 %,KOL,CROWN POINT ENERGIA S.A.,KOLUEL KAIKE - EL VALLE,CROWN POINT ENERGIA S.A.,False,
,,2026-01-27T13:45:09,<br> CROWN POINT ENERGIA S.A.: 100 %,PCL,CROWN POINT ENERGIA S.A.,PIEDRA CLAVADA,CROWN POINT ENERGIA S.A.,False,
,,2026-01-30T20:17:19,<br> CROWN POINT ENERGIA S.A.: 100 %,QUI,CROWN POINT ENERGIA S.A.,PUESTO QUIROGA,CROWN POINT ENERGIA S.A.,False,
,,2026-01-30T20:17:19,<br> CROWN POINT ENERGIA S.A.: 100 %,TAP,CROWN POINT ENERGIA S.A.,LA TAPERA,CROWN POINT ENERGIA S.A.,False,
,,2026-01-30T20:17:19,<br> CROWN POINT ENERGIA S.A.: 100 %,ELT,CROWN POINT ENERGIA S.A.,EL TORDILLO,CROWN POINT ENERGIA S.A.,False,
,2026-02-09T14:46:30,2026-02-06T10:20:01,<br> GAS Y PETROLEO DEL NEUQUEN S.A.: 10 %<br> PLUSPETROL CUENCA NEUQUINA S.R.L.: 90 %,BCLI,PLUSPETROL CUENCA NEUQUINA S.R.L.,BAJO DEL CHOIQUE - LA INVERNADA,PLUSPETROL CUENCA NEUQUINA S.R.L.,False,
,2026-02-09T14:47:13,2026-02-06T10:25:06,<br> PLUSPETROL CUENCA NEUQUINA S.R.L.: 80 %<br> TECPETROL S.A.: 10 %<br> GAS Y PETROLEO DEL NEUQUEN S.A.: 10 %,LTS1,PLUSPETROL CUENCA NEUQUINA S.R.L.,LOS TOLDOS I SUR,PLUSPETROL CUENCA NEUQUINA S.R.L.,False,
,2026-02-09T14:47:49,2026-02-06T10:27:00,<br> GAS Y PETROLEO DEL NEUQUEN S.A.: 10 %<br> PLUSPETROL CUENCA NEUQUINA S.R.L.: 90 %,LT2O,PLUSPETROL CUENCA NEUQUINA S.R.L.,LOS TOLDOS II OESTE,PLUSPETROL CUENCA NEUQUINA S.R.L.,False,
,2026-02-09T14:48:31,2026-02-06T10:28:05,<br> PLUSPETROL CUENCA NEUQUINA S.R.L.: 50 %<br> YPF S.A.: 50 %,PDYI,PLUSPETROL CUENCA NEUQUINA S.R.L.,PAMPA DE LAS YEGUAS I,PLUSPETROL CUENCA NEUQUINA S.R.L.,False,
